id,dane_code,2001,2002,2003,2004,2005,2006,2007,2008,2009,2010,2011,2012,2013,2014,2015,2016,2017,2018,2019,2020,2021,2022,source_id
1,91263,191,264,164,270,382,233,186,349,109,81,35,16,8,20,11,12,8,4,2,0,0,0,120
2,91405,65,236,209,271,257,223,132,349,81,113,36,22,25,51,13,14,18,6,3,0,0,0,120
3,91407,0,0,0,0,0,0,0,0,7,12,0,1,0,0,0,0,0,0,0,0,0,0,120
4,91430,0,0,0,0,0,0,0,0,2,10,0,0,0,0,0,0,0,0,0,0,0,0,120
5,91460,6,43,36,30,12,4,9,2,4,15,0,5,0,0,0,0,0,0,0,0,0,0,120
6,91530,212,195,173,174,210,202,165,95,53,73,44,54,76,102,85,140,139,111,118,61,72,103,120
7,91536,0,1,6,0,0,0,0,0,0,0,0,0,0,0,0,0,0,0,0,0,0,0,120
8,91669,33,44,36,38,36,30,49,41,22,34,7,0,1,0,0,0,0,0,0,0,0,0,120
9,05031,36,110,74,173,210,342,246,151,108,103,29,170,48,40,28,130,197,205,191,209,475,404,120
10,05040,201,369,613,753,759,836,533,787,239,526,208,361,107,199,256,661,0,969,768,1088,0,1540,120
11,05045,0,0,0,0,0,0,0,10,21,70,0,19,5,6,8,9,7,1,7,5,1,3,120
12,05055,0,0,4,21,21,15,2,1,3,9,42,5,2,0,0,0,0,0,0,0,0,0,120
13,05107,24,17,20,54,115,44,329,85,50,94,38,53,5,27,91,736,414,289,90,88,363,417,120
14,05120,229,116,537,539,650,579,552,524,382,0,453,290,143,510,420,0,0,0,0,1273,0,1785,120
15,05134,0,8,0,62,28,9,38,6,25,0,0,6,11,41,25,130,228,204,183,179,326,268,120
16,05142,0,0,0,0,0,1,0,14,0,2,2,0,0,0,0,0,0,0,0,0,0,0,120
17,05147,0,0,0,2,0,0,0,4,0,4,0,0,0,0,0,0,0,0,0,0,0,0,120
18,05148,0,0,0,0,0,0,0,0,2,0,0,0,0,0,0,0,0,0,0,0,0,0,120
19,05154,95,26,27,21,2,12,7,2,0,0,0,0,0,0,0,5,0,2,0,0,3,3,120
20,05172,0,0,0,0,0,0,0,2,0,7,1,7,4,1,0,10,6,5,6,4,12,15,120
21,05197,0,0,0,0,0,0,0,13,6,0,1,4,0,0,0,0,0,0,0,0,0,0,120
22,05234,40,0,0,0,0,0,0,0,40,4,2,4,0,0,0,0,0,0,0,0,0,0,120
23,05250,452,327,524,546,721,463,0,708,715,0,317,339,96,21,85,446,595,811,648,1265,0,878,120
24,05284,1,0,0,0,0,0,0,0,0,0,0,0,0,0,0,0,0,0,0,0,0,0,120
25,05310,24,2,0,0,0,0,0,0,0,0,0,0,0,0,0,0,0,0,0,0,0,0,120
26,05361,134,130,200,135,161,76,45,228,250,16,82,138,27,108,41,305,865,882,724,967,0,1213,120
27,05425,7,0,0,0,0,0,0,0,0,0,0,0,0,0,0,0,0,0,0,0,0,0,120
28,05475,0,0,0,0,0,0,0,0,6,0,3,0,1,0,0,0,0,0,1,8,46,69,120
29,05480,1,0,0,0,0,0,0,0,0,7,0,10,4,0,1,0,6,3,1,1,5,10,120
30,05483,0,0,2,8,1,94,32,17,61,29,66,3,0,1,0,0,0,0,0,0,0,0,120
31,05495,15,57,125,195,365,335,0,328,235,119,210,173,28,39,128,360,551,708,530,551,365,277,120
32,05490,0,0,78,1,0,0,0,0,0,0,0,0,1,0,0,0,0,0,0,0,0,0,120
33,05579,0,0,0,0,0,0,0,2,0,0,3,2,2,0,0,0,0,0,0,0,0,0,120
34,05585,0,0,0,7,2,35,44,45,2,17,22,5,0,0,0,0,0,0,0,0,0,0,120
35,05591,0,0,0,0,0,1,0,0,0,0,0,0,0,0,0,0,0,0,0,0,0,0,120
36,05604,443,534,331,193,202,265,142,154,121,85,86,29,3,5,3,10,24,45,39,38,129,118,120
37,05628,0,1,0,0,0,0,0,0,0,0,0,0,0,0,0,0,0,0,0,0,0,0,120
38,05649,1,0,0,0,0,38,23,17,45,13,44,48,3,3,1,1,0,0,0,0,1,1,120
39,05652,22,0,17,0,27,137,79,235,71,139,129,47,31,23,29,15,13,28,14,13,30,48,120
40,05660,13,0,18,0,83,197,102,271,182,37,114,21,11,12,8,8,4,8,1,2,9,23,120
41,05665,0,0,8,0,0,0,0,0,1,0,0,0,0,0,5,4,3,2,1,0,0,0,120
42,05667,9,0,0,0,0,2,0,8,17,0,0,4,0,0,0,0,0,0,0,0,0,0,120
43,05670,92,2,0,0,0,0,0,3,0,2,0,4,0,0,0,0,0,0,0,0,0,0,120
44,05686,3,0,0,0,0,0,0,0,0,0,0,0,0,0,0,0,0,0,0,0,0,0,120
45,05736,211,355,58,152,403,604,436,307,305,316,202,98,19,38,58,143,191,306,198,200,226,262,120
46,05756,1,0,55,25,41,84,25,70,16,45,44,10,10,3,2,2,0,0,0,0,2,3,120
47,05790,684,337,537,0,0,0,0,931,773,986,635,495,338,842,884,0,0,0,0,2465,0,3244,120
48,05819,0,0,0,0,0,0,0,0,0,0,0,0,0,0,0,0,0,3,0,0,0,0,120
49,05837,0,0,151,21,0,0,0,8,26,12,0,17,35,18,45,97,61,56,54,46,43,84,120
50,05842,3,0,0,0,0,0,0,0,0,0,0,0,0,0,0,0,0,0,0,0,0,0,120
51,05847,0,0,0,14,0,1,3,0,0,22,32,17,5,0,0,0,0,0,0,0,0,0,120
52,05854,124,50,157,431,467,426,0,409,422,134,199,76,32,298,189,0,0,0,0,2833,0,4516,120
53,05858,66,74,75,49,38,25,58,22,20,0,7,10,0,1,0,0,36,42,31,27,108,78,120
54,05873,0,0,0,3,0,0,0,0,1,0,13,0,7,3,0,0,0,0,0,0,0,8,120
55,05885,89,47,46,27,22,0,53,0,6,0,0,0,0,10,12,17,52,58,31,40,77,45,120
56,05887,2,2,0,68,6,17,8,0,9,2,3,0,1,13,3,40,93,87,70,79,113,125,120
57,05890,71,7,17,0,0,0,0,0,0,0,0,0,0,4,1,4,13,23,1,3,9,16,120
58,05893,0,59,85,86,88,13,31,239,153,0,69,8,0,3,3,0,4,6,14,8,10,17,120
59,05895,281,399,505,416,600,400,0,495,240,384,49,252,12,24,66,160,346,471,346,686,807,682,120
60,81065,0,0,293,939,0,775,0,205,200,123,42,58,44,16,9,6,116,7,0,0,0,0,120
61,81300,265,165,71,252,249,158,519,39,72,46,24,5,3,3,1,0,0,0,0,0,0,0,120
62,81591,43,34,0,10,36,50,18,15,8,3,2,0,1,2,1,0,4,0,0,0,0,0,120
63,81736,138,55,76,98,184,126,192,92,34,15,15,5,4,1,0,0,0,0,0,0,0,0,120
64,81794,396,314,96,253,249,197,297,96,103,60,50,14,17,4,4,2,0,0,0,0,0,0,120
65,13006,1,0,0,0,3,0,20,0,14,60,5,12,1,6,3,9,12,12,8,5,4,9,120
66,13030,0,0,37,42,58,18,57,43,67,6,16,0,0,0,0,0,0,0,0,0,0,5,120
67,13042,53,71,194,109,150,67,221,117,182,114,57,38,16,56,10,18,21,2,19,35,104,123,120
68,13074,0,0,51,53,82,29,63,31,68,22,16,0,0,0,0,0,0,0,0,0,0,45,120
69,13160,0,446,511,229,333,127,485,909,727,312,255,198,57,125,44,398,600,728,645,811,0,1145,120
70,13268,0,0,0,2,0,0,0,0,0,0,0,0,0,0,0,0,0,0,0,0,0,0,120
71,13458,103,45,231,287,255,237,0,734,679,709,535,234,163,279,214,522,510,716,635,576,688,616,120
72,13473,184,64,145,78,115,152,285,156,163,300,55,98,19,100,36,167,208,234,154,148,318,197,120
73,13490,0,0,0,0,0,0,0,0,0,0,0,6,14,21,11,15,8,13,4,13,82,165,120
74,13600,194,166,288,242,323,178,357,230,276,163,66,15,9,23,11,8,15,2,18,66,100,143,120
75,13655,0,5,23,40,47,82,130,193,101,33,132,25,18,18,64,136,161,233,200,172,168,167,120
76,13667,0,0,67,180,176,67,144,77,114,82,17,0,0,1,0,0,4,4,2,2,2,17,120
77,13670,0,614,0,756,638,334,579,0,742,376,384,544,225,258,229,0,0,0,0,3218,0,3470,120
78,13688,0,996,0,925,0,810,958,0,0,745,264,526,336,488,307,968,0,0,0,2468,0,2086,120
79,13744,0,321,410,388,188,174,581,374,319,132,131,166,54,92,69,508,781,0,0,1652,0,1760,120
80,13810,61,7,72,69,150,107,513,135,242,270,274,106,13,98,39,86,117,134,87,201,286,413,120
81,15212,0,3,3,0,0,1,0,0,0,0,0,0,0,0,0,0,0,0,0,0,0,0,120
82,15223,47,6,8,0,0,0,0,8,4,7,0,0,0,1,0,0,0,0,0,0,0,0,120
83,15401,0,0,0,0,0,0,0,0,1,0,0,0,0,0,0,0,0,0,0,0,0,0,120
84,15442,0,14,25,10,0,4,0,0,0,0,0,0,0,1,0,0,0,0,0,0,0,0,120
85,15480,0,1,39,11,2,13,0,0,0,0,0,0,0,0,0,0,0,0,0,0,0,0,120
86,15507,6,23,140,84,101,142,52,120,106,30,47,8,6,4,4,0,0,2,0,0,0,0,120
87,15531,1,10,22,10,14,54,0,0,0,0,0,0,3,3,0,0,0,0,0,0,0,0,120
88,15572,28,43,309,215,206,197,22,65,56,68,38,2,8,5,3,14,21,13,4,6,17,47,120
89,15580,0,3,27,15,10,6,0,0,6,0,1,0,0,0,0,0,0,0,0,0,0,0,120
90,15681,0,15,18,13,9,20,5,4,10,0,8,0,0,0,0,0,0,0,0,0,0,0,120
91,15696,0,0,1,0,0,0,0,0,0,0,0,0,0,0,0,0,0,0,0,0,0,0,120
92,15832,0,0,0,1,0,4,0,0,0,0,0,0,0,0,0,0,0,0,0,0,0,0,120
93,17433,0,0,0,0,0,0,0,0,0,0,0,0,0,0,0,0,0,0,0,0,0,0,120
94,17495,0,0,43,313,46,51,28,39,38,8,9,8,0,0,0,0,0,0,0,0,0,0,120
95,17541,0,0,0,1,7,14,7,12,2,7,7,0,0,0,0,0,0,0,0,0,0,0,120
96,17662,0,0,9,41,132,380,21,136,127,30,30,8,8,0,0,0,0,0,0,0,0,0,120
97,17867,0,0,0,2,4,16,0,0,0,0,0,0,0,0,0,0,0,0,0,0,0,0,120
98,18029,180,125,122,698,149,106,61,10,12,7,7,2,7,18,32,53,63,61,30,37,58,94,120
99,18094,40,64,135,112,157,132,30,185,63,79,193,89,85,92,132,147,201,303,110,0,13,120,120
100,18150,0,0,0,0,0,0,0,0,781,603,409,456,703,0,948,0,0,0,416,251,304,433,120
101,18205,754,581,202,252,253,265,283,44,114,125,69,188,208,259,459,368,471,342,227,110,257,344,120
102,18247,41,3,22,13,52,52,84,102,143,55,70,101,68,233,303,552,454,413,23,12,50,31,120
103,18256,149,3,12,30,29,32,88,39,66,31,112,99,114,240,267,415,951,704,147,54,157,208,120
104,18001,0,24,69,90,6,4,19,14,10,9,105,31,25,31,52,98,218,267,58,12,41,25,120
105,18460,525,172,321,348,255,414,532,174,217,181,290,251,359,530,695,0,0,0,461,252,283,497,120
106,18410,568,201,535,188,316,292,637,315,267,239,409,649,816,0,0,0,0,0,822,461,694,956,120
107,18479,2,4,0,554,2,18,5,5,6,1,1,5,10,0,1,0,16,21,1,0,0,0,120
108,18592,118,246,384,279,91,143,191,458,429,148,316,219,207,354,415,545,0,0,224,12,44,65,120
109,18610,653,655,425,209,311,245,353,92,119,145,304,552,488,611,0,0,0,0,0,430,781,1202,120
110,18753,0,606,407,603,231,332,380,373,545,215,78,77,164,412,406,403,380,264,71,104,84,92,120
111,18756,0,0,0,516,0,808,0,992,743,567,842,876,933,0,0,0,763,825,447,281,713,1168,120
112,18785,757,380,769,309,103,214,195,64,121,78,23,30,29,26,31,34,42,55,8,5,8,41,120
113,18860,832,292,690,0,182,236,291,62,123,95,99,69,106,82,92,143,182,231,51,27,175,331,120
114,19022,0,0,0,0,0,0,0,0,0,4,0,0,0,0,0,0,0,0,0,0,0,0,120
115,19050,206,218,93,65,153,161,637,483,300,296,200,470,121,0,959,0,0,0,0,2549,0,3085,120
116,19075,19,0,94,23,24,91,192,15,49,77,62,43,24,80,223,112,82,198,321,293,561,499,120
117,19100,0,0,0,0,3,21,14,4,108,142,16,20,1,24,48,51,85,15,4,9,194,78,120
118,19110,0,0,0,0,0,0,0,10,5,0,0,0,0,16,27,2,64,125,442,507,930,794,120
119,19130,30,0,0,0,4,0,0,0,2,0,0,7,0,15,68,132,407,323,355,235,325,364,120
120,19137,0,0,0,0,0,0,0,0,0,0,0,0,0,0,0,0,0,0,0,0,66,76,120
121,19142,0,0,0,0,0,0,0,0,0,0,0,0,0,0,16,26,0,1,18,9,8,7,120
122,19212,0,0,0,0,0,0,0,0,0,0,0,0,0,0,26,38,0,10,10,8,11,8,120
123,19256,0,698,187,203,629,307,803,0,0,0,0,0,0,0,0,0,0,0,0,7483,0,9223,120
124,19290,0,0,0,0,0,8,0,0,12,29,0,0,0,0,0,0,0,0,0,0,0,0,120
125,19318,55,102,146,374,489,121,414,0,0,0,984,396,182,191,256,525,720,678,634,594,0,1558,120
126,19364,0,0,0,0,0,0,0,0,0,0,0,0,0,0,0,0,0,0,68,39,60,35,120
127,19392,0,0,0,0,0,0,0,4,0,0,0,0,0,0,0,0,0,0,0,0,0,0,120
128,19397,0,0,0,0,0,8,0,1,0,0,0,0,0,0,0,0,0,0,0,0,0,0,120
129,19418,57,97,15,59,63,79,273,476,921,791,0,341,548,686,867,941,0,0,0,1085,0,1656,120
130,19450,0,0,2,0,0,31,8,0,75,137,420,17,21,120,95,140,126,25,0,0,45,25,120
131,19455,0,0,0,0,0,0,0,0,0,0,0,0,0,0,3,5,0,2,58,34,38,30,120
132,19473,101,0,0,0,9,10,118,29,32,55,32,76,17,70,155,166,340,309,361,393,648,783,120
133,19532,0,0,0,0,6,83,48,105,109,82,51,58,76,97,203,327,350,405,376,485,865,1110,120
134,19533,899,818,651,281,517,594,669,523,165,131,253,516,461,602,0,0,0,0,0,867,0,2771,120
135,19548,0,0,0,0,0,0,0,0,0,0,0,0,0,0,0,0,0,0,0,0,8,12,120
136,19622,0,0,0,0,0,0,0,0,0,0,0,0,0,0,0,0,2,3,0,0,10,12,120
137,19701,0,3,0,0,229,135,0,16,12,0,0,0,0,0,0,0,0,0,54,0,0,68,120
138,19698,0,0,0,0,0,0,0,0,0,0,0,0,0,0,0,0,0,0,0,5,356,166,120
139,19760,24,0,0,0,0,0,0,0,0,0,0,0,0,0,0,0,0,0,0,0,0,0,120
140,19780,2,0,0,0,0,0,32,32,4,1,0,0,1,49,139,170,267,383,501,668,804,923,120
141,19785,0,0,0,0,0,0,0,0,0,0,0,0,5,17,15,18,13,6,4,8,46,28,120
142,19807,40,0,0,0,0,3,0,0,0,0,0,0,0,0,0,0,0,0,0,0,0,1,120
143,19809,188,185,253,260,579,453,960,0,0,0,0,507,572,572,907,0,0,0,0,1263,0,2896,120
144,19821,0,0,0,0,0,0,0,0,0,0,0,0,0,0,9,14,0,0,9,1,2,1,120
145,20178,0,0,0,0,0,0,0,0,0,0,0,0,0,0,0,0,2,0,0,0,0,0,120
146,20310,0,0,0,0,0,0,0,0,0,0,0,5,4,2,16,6,7,7,23,28,9,7,120
147,20517,0,0,0,0,0,0,0,5,0,0,0,0,0,0,0,0,0,0,0,0,0,0,120
148,20710,0,0,0,0,0,0,0,0,0,0,0,4,6,5,15,17,10,13,6,1,0,0,120
149,20770,0,0,0,0,0,0,0,0,0,0,0,3,3,3,1,2,3,10,8,1,1,0,120
150,27006,0,0,0,0,0,0,0,0,0,0,6,4,2,4,3,2,8,4,4,1,1,6,120
151,27025,0,0,45,12,104,7,259,391,159,489,196,268,105,135,47,57,39,21,38,34,115,173,120
152,27050,0,0,0,0,0,0,0,0,4,0,0,8,2,0,0,0,0,0,0,0,0,1,120
153,27075,0,0,0,0,0,0,0,0,0,7,0,0,0,0,0,0,0,0,0,0,0,0,120
154,27077,0,0,177,78,332,82,353,0,147,341,248,562,145,218,131,138,79,53,21,16,91,101,120
155,27099,0,0,0,0,0,0,0,0,0,0,4,2,0,0,0,0,0,0,0,0,0,0,120
156,27150,0,0,0,0,0,0,0,0,0,0,0,63,76,23,48,98,159,153,232,192,778,702,120
157,27205,0,0,0,1,3,0,6,55,13,33,59,10,7,10,20,3,13,11,11,7,20,10,120
158,27135,0,0,1,12,48,0,25,52,63,133,68,58,29,50,47,34,11,5,0,0,19,22,120
159,27250,0,0,0,1,1,3,11,102,24,60,36,144,67,120,37,98,184,138,59,50,63,81,120
160,27361,0,0,57,36,196,210,205,425,497,847,684,760,369,517,303,476,743,577,228,200,462,311,120
161,27372,0,0,0,0,0,0,0,0,0,13,18,9,9,0,0,0,0,0,0,0,0,0,120
162,27413,0,0,0,0,0,0,0,0,0,10,0,4,0,0,0,0,1,0,0,4,13,7,120
163,27425,0,0,0,0,0,0,0,0,0,4,3,4,0,0,0,0,0,0,0,0,0,0,120
164,27430,0,0,4,11,68,24,77,228,254,333,352,606,177,231,134,68,64,43,36,39,161,170,120
165,27450,0,0,0,0,0,0,0,0,0,0,0,305,192,153,304,136,305,224,81,82,249,218,120
166,27491,0,0,93,30,90,237,76,215,190,249,464,165,91,53,78,75,162,130,69,61,143,133,120
167,27495,0,0,0,2,5,2,8,23,19,13,12,33,3,6,0,0,0,0,0,0,0,0,120
168,27001,0,0,0,0,2,3,3,7,42,26,14,25,11,2,5,3,7,3,5,12,26,27,120
169,27580,0,0,0,0,0,0,0,0,0,0,0,12,12,13,14,7,27,16,6,9,26,16,120
170,27600,0,0,0,9,21,0,22,9,0,30,16,16,3,3,2,0,0,0,0,0,10,3,120
171,27615,354,0,0,0,0,0,0,0,75,243,86,196,130,40,90,35,113,104,148,155,0,1055,120
172,27660,0,0,0,0,0,0,7,94,57,107,104,43,92,47,44,323,392,391,180,253,0,1614,120
173,27745,0,0,76,127,150,248,28,74,122,191,130,125,106,99,91,217,258,246,110,168,382,470,120
174,27787,0,0,0,2,1,0,0,5,0,0,4,3,2,3,5,3,2,0,0,0,0,0,120
175,27800,0,0,0,0,0,0,0,0,0,29,6,4,31,14,75,20,34,28,12,175,417,425,120
176,27810,0,0,0,2,1,0,0,0,0,0,1,0,0,0,0,0,0,0,0,0,0,0,120
177,23350,6,0,0,0,0,0,0,0,0,0,0,0,0,0,0,0,0,0,0,0,0,0,120
178,23466,40,66,232,428,0,376,360,621,681,835,240,224,43,77,186,573,0,974,540,762,0,1054,120
179,23580,270,141,193,339,978,447,0,464,728,579,243,214,36,64,207,570,0,0,855,1148,0,1318,120
180,23682,0,0,0,0,0,0,0,0,0,0,0,99,13,42,97,231,552,441,340,514,575,520,120
181,23807,322,178,399,669,0,389,414,624,0,0,604,509,341,376,858,0,0,0,0,1319,0,3451,120
182,23855,0,0,13,99,13,4,0,1,12,1,1,0,6,1,12,1,4,5,4,3,7,18,120
183,25148,0,0,0,0,0,3,4,0,0,1,1,0,0,0,0,0,0,0,0,0,0,0,120
184,25518,0,0,12,4,0,2,2,0,0,0,0,0,0,0,0,0,0,0,0,0,0,0,120
185,25823,0,0,5,8,0,2,1,0,0,0,0,0,0,0,0,0,0,0,0,0,0,0,120
186,25885,1,57,39,60,56,113,124,12,0,31,17,0,0,0,0,0,0,0,0,0,0,0,120
187,94343,363,232,405,342,396,362,308,155,275,122,89,67,30,11,4,2,0,0,0,0,0,0,120
188,94001,276,247,137,134,182,186,150,187,114,147,135,105,27,19,0,0,0,0,0,0,0,0,120
189,05480,0,0,0,0,0,0,0,0,0,0,0,50,19,28,16,3,3,0,0,0,0,0,120
190,94888,221,114,162,185,117,164,102,117,77,93,66,62,4,3,15,15,26,41,22,19,48,36,120
191,94887,68,38,7,43,38,27,28,40,30,29,28,12,1,2,0,0,0,0,0,0,0,0,120
192,94884,191,117,15,17,19,14,35,126,42,55,0,5,0,3,0,0,0,0,0,0,0,0,120
193,95015,0,0,0,0,0,0,0,808,721,546,862,458,399,614,455,542,416,241,144,189,202,190,120
194,95025,0,0,0,0,0,0,0,0,0,0,0,0,0,0,0,0,0,0,0,1265,0,2191,120
195,95200,0,0,0,0,0,0,0,0,0,0,0,0,0,0,0,0,0,0,0,1060,0,1115,120
196,95001,0,0,0,0,0,0,0,0,0,0,0,973,0,0,0,0,0,0,757,711,0,1436,120
197,44090,193,349,275,556,327,166,87,160,163,132,16,10,6,0,0,0,1,1,0,0,0,0,120
198,44001,0,5,0,0,2,0,0,0,0,2,0,0,0,0,0,0,0,0,0,0,0,0,120
199,47053,0,0,0,0,0,0,0,0,22,36,13,6,1,1,2,0,0,0,0,0,0,0,120
200,47189,11,1,45,6,0,13,1,23,4,20,3,3,0,0,0,0,0,0,0,0,0,0,120
201,47288,0,0,0,0,0,0,0,0,15,0,0,0,1,0,0,0,0,0,0,0,0,0,120
202,47001,438,643,439,700,213,258,277,368,111,65,30,28,35,8,4,34,7,12,6,2,2,3,120
203,50350,0,0,0,0,660,574,565,218,189,186,151,228,307,0,0,0,0,560,177,53,73,77,120
204,50400,0,0,0,0,0,0,0,0,0,0,0,0,0,3,0,0,0,0,0,0,0,0,120
205,50325,0,0,0,0,0,0,0,0,0,0,0,144,437,180,235,338,315,231,134,130,284,445,120
206,50330,533,619,533,262,143,67,56,62,19,7,0,29,37,79,78,104,86,45,0,0,0,0,120
207,50450,147,299,769,943,363,439,182,75,82,76,91,70,49,82,50,63,77,35,18,14,14,30,120
208,50568,111,147,641,0,168,214,231,386,212,181,122,86,7,3,0,0,0,0,0,0,0,0,120
209,50577,45,102,171,0,0,578,494,134,30,13,20,31,14,8,13,27,24,9,0,0,0,0,120
210,50573,0,0,0,0,0,0,0,0,0,0,0,0,0,0,0,0,0,0,0,0,0,0,120
211,50590,0,0,0,0,0,0,0,938,860,757,883,0,0,0,0,0,0,0,616,578,745,748,120
212,50683,35,17,17,18,49,17,116,39,27,87,48,29,91,121,155,48,70,46,24,19,15,17,120
213,50689,0,3,7,161,8,23,1,0,0,0,19,0,0,0,0,0,0,0,0,0,0,0,120
214,50370,880,452,481,632,264,32,61,6,8,36,72,110,49,182,162,202,108,78,4,10,0,0,120
215,50711,0,929,0,0,0,0,0,0,745,521,524,908,806,0,0,0,0,856,488,427,505,513,120
216,52036,0,0,0,0,43,0,17,2,3,0,0,0,0,3,21,24,45,24,16,14,56,57,120
217,52079,713,0,0,0,0,0,0,0,0,0,0,0,0,0,0,0,0,0,0,2569,0,3773,120
218,52110,0,0,0,0,0,0,0,0,0,0,0,4,0,0,0,0,0,0,0,0,0,0,120
219,52207,0,0,0,0,5,0,0,0,0,0,0,0,0,0,0,0,0,0,0,0,0,0,120
220,52210,2,0,0,0,0,0,0,0,0,0,0,0,0,0,0,0,0,0,0,0,0,0,120
221,52215,1,0,0,0,0,0,0,0,0,0,0,0,0,0,0,0,0,0,0,0,0,0,120
222,52227,0,0,0,0,0,2,0,0,0,0,0,0,0,0,0,0,0,0,0,0,0,0,120
223,52233,3,140,301,127,329,483,452,250,451,221,194,97,115,107,209,527,666,778,684,504,0,1211,120
224,52250,984,798,699,649,741,741,0,0,0,748,0,702,0,0,0,0,0,0,0,4674,0,8694,120
225,52254,0,0,0,0,0,0,91,0,19,86,0,0,1,23,34,51,97,55,50,36,79,72,120
226,52256,28,102,230,221,508,372,434,273,290,253,203,169,127,133,244,573,765,842,782,659,0,1463,120
227,52260,0,0,0,0,7,0,13,2,4,65,0,0,1,20,114,97,176,98,60,47,115,98,120
228,52520,37,45,16,107,153,192,501,407,189,189,207,59,61,66,91,157,258,304,347,316,501,537,120
229,52356,0,350,212,520,629,357,123,215,192,139,247,162,370,664,887,0,0,928,0,967,0,1815,120
230,52381,0,0,0,0,0,0,0,0,0,0,0,0,0,3,30,51,83,39,22,14,40,55,120
231,52385,0,12,5,0,1,4,0,7,35,24,3,5,3,28,53,83,146,142,103,86,142,139,120
232,52390,15,29,1,94,27,75,184,164,465,139,63,31,41,78,120,119,292,280,279,263,661,527,120
233,52405,10,0,41,40,58,0,185,66,24,36,35,7,2,11,39,212,279,290,272,273,642,580,120
234,52411,0,0,0,0,43,0,22,5,11,96,15,100,52,122,262,284,558,504,419,368,568,544,120
235,52418,0,0,0,0,0,1,81,2,18,103,33,26,55,93,166,177,364,294,261,202,446,386,120
236,52427,0,0,0,0,0,0,0,0,0,0,0,494,478,586,861,0,0,0,0,2123,0,3747,120
237,52435,0,0,0,0,0,0,1,3,0,0,0,0,0,0,0,0,1,18,16,13,20,18,120
238,52473,33,119,55,289,38,34,188,140,129,84,222,76,115,118,159,239,218,227,199,249,474,376,120
239,52490,14,690,506,575,517,870,0,0,0,612,0,712,719,0,0,0,0,0,0,2898,0,4994,120
240,52540,15,29,215,236,212,545,773,221,389,235,202,165,301,199,326,733,960,936,794,646,0,1291,120
241,52573,1,1,0,0,0,0,0,0,0,0,0,0,0,0,0,0,0,0,0,0,0,0,120
242,52612,8,23,15,93,1,52,53,6,67,75,68,61,106,93,125,333,784,808,640,565,839,810,120
243,52621,0,0,0,0,0,0,0,0,0,0,0,460,858,0,0,0,0,0,0,2940,0,4869,120
244,52678,0,5,8,0,7,46,24,120,281,531,551,226,336,402,742,0,869,856,701,576,773,676,120
245,52693,0,0,3,0,0,1,0,0,0,0,0,0,0,0,0,0,0,0,0,0,0,0,120
246,52683,0,0,0,0,15,11,0,0,0,0,0,0,0,1,4,8,16,8,7,7,22,33,120
247,52696,232,258,274,345,213,0,700,706,802,615,587,294,279,368,283,785,530,560,486,426,0,1571,120
248,52699,0,0,0,0,0,0,0,14,4,11,10,3,14,19,33,61,803,809,626,474,829,677,120
249,52835,0,0,0,0,0,0,0,0,0,0,0,0,0,0,0,0,0,0,0,8832,0,20719,120
250,54003,0,0,0,7,0,0,0,0,8,0,15,20,13,17,22,24,65,73,84,114,88,87,120
251,54109,0,0,20,0,0,3,2,3,0,0,6,5,3,3,0,0,3,10,18,41,4,15,120
252,54128,0,0,0,0,0,0,2,71,51,37,164,38,16,15,10,15,0,0,0,0,0,0,120
253,54206,13,33,39,181,15,15,41,54,225,68,180,356,999,553,855,890,0,0,0,2307,0,1914,120
254,54001,34,47,43,17,0,0,0,1,38,10,32,38,61,33,55,280,323,316,368,373,478,426,120
255,54245,4,24,102,212,0,5,58,285,215,86,212,222,871,436,568,664,758,702,0,1181,887,817,120
256,54250,589,524,544,783,219,104,764,480,314,217,410,566,662,809,0,0,0,0,0,5916,0,6390,120
257,54261,13,36,26,22,0,0,0,17,10,2,41,18,25,13,14,94,134,152,167,160,220,199,120
258,54344,21,9,14,74,30,15,0,0,0,1,48,59,51,103,152,214,386,402,583,572,531,580,120
259,54385,0,1,0,0,0,0,64,121,73,61,92,45,30,7,8,11,2,2,5,4,4,0,120
260,54398,0,0,0,0,0,0,0,0,1,0,26,4,0,15,5,6,25,26,42,32,25,26,120
261,54418,0,0,4,0,0,3,0,0,0,0,3,1,0,0,0,0,0,0,0,0,0,0,120
262,54498,0,0,0,0,0,0,0,0,0,0,0,0,1,4,6,9,10,42,47,17,24,16,120
263,54670,19,9,13,136,25,13,34,62,42,0,66,134,208,181,736,445,640,765,0,1206,965,959,120
264,54720,586,793,864,158,47,26,93,463,245,193,0,723,837,0,865,0,0,0,0,4602,0,4727,120
265,54800,679,217,393,200,84,42,186,296,509,271,298,628,663,680,0,0,0,0,0,4216,0,3790,120
266,54810,0,0,0,0,424,262,702,0,982,943,772,0,0,0,0,0,0,0,0,19333,0,22081,120
267,54820,80,9,8,0,0,0,0,0,0,0,0,0,0,0,0,0,0,0,0,0,0,0,120
268,86001,112,122,91,27,69,145,142,97,37,15,48,107,49,105,106,111,76,70,77,18,44,91,120
269,86320,0,0,352,516,523,0,0,0,583,556,0,428,784,0,0,0,0,0,0,2212,0,8085,120
270,86568,0,0,0,543,0,0,0,0,0,0,0,0,0,0,0,0,0,0,0,5701,0,11504,120
271,86569,0,709,210,141,330,547,929,449,326,281,854,526,682,0,0,0,0,0,0,1929,0,4658,120
272,86571,0,0,0,0,0,0,0,0,794,623,0,656,624,915,0,0,0,0,0,1063,0,2724,120
273,86573,0,0,0,0,0,0,0,0,0,0,0,0,0,0,0,0,0,0,0,1390,0,4285,120
274,86757,0,903,600,194,661,756,867,481,263,136,499,416,659,0,0,0,0,0,0,3603,0,6439,120
275,86760,11,8,0,0,3,6,0,8,3,3,0,2,4,6,4,5,0,0,0,0,0,0,120
276,86865,0,0,850,471,0,0,0,0,583,335,0,644,0,0,0,0,0,0,0,3353,0,7958,120
277,86885,952,410,178,169,456,561,913,678,353,241,611,688,545,0,0,0,0,0,0,712,0,2286,120
278,68020,0,5,0,2,0,0,0,0,0,0,0,0,0,0,0,0,0,0,0,0,0,0,120
279,68092,0,0,0,62,54,10,35,0,0,0,0,0,0,0,0,0,0,0,0,0,0,0,120
280,68101,92,101,307,487,393,284,742,690,272,165,159,30,28,5,4,14,6,3,0,0,3,6,120
281,68176,0,10,0,0,0,0,0,0,0,0,0,0,0,0,0,0,0,0,0,0,0,0,120
282,68190,26,120,96,157,84,66,100,330,159,106,45,9,2,0,0,0,3,1,0,0,4,6,120
283,68209,0,1,0,0,0,0,0,0,0,0,0,0,0,0,0,0,0,0,0,0,0,0,120
284,68211,0,0,0,0,0,0,0,0,5,0,0,0,0,0,0,0,0,0,0,0,0,0,120
285,68235,0,18,0,0,3,8,4,3,17,0,0,2,0,0,1,4,4,2,0,0,0,0,120
286,68250,3,0,18,24,21,32,8,36,23,14,3,0,0,1,0,0,0,2,0,0,0,0,120
287,68255,0,0,0,0,0,0,0,10,14,12,60,2,5,5,2,0,0,0,0,0,0,0,120
288,68271,0,0,8,7,0,6,6,0,0,0,0,0,0,0,0,0,0,0,0,0,0,0,120
289,68322,0,0,0,1,0,0,0,0,0,0,0,0,0,0,0,0,0,0,0,0,0,0,120
290,68324,0,0,0,14,0,0,0,0,0,0,0,0,0,0,0,0,0,0,0,0,0,0,120
291,68377,22,25,25,96,73,96,53,94,72,31,77,7,3,1,0,0,0,0,0,0,0,2,120
292,68397,0,0,4,1,0,0,0,0,10,0,0,0,0,0,0,0,0,0,0,0,0,0,120
293,68385,12,43,0,23,77,107,63,126,75,78,34,14,1,1,0,0,0,0,0,0,0,0,120
294,68524,0,1,0,0,0,0,0,0,0,0,0,0,0,0,0,0,0,0,0,0,0,0,120
295,68573,0,19,2,5,28,16,44,41,21,27,16,5,0,0,0,0,0,0,0,0,0,0,120
296,68615,0,1,0,0,0,0,0,3,21,23,51,2,5,2,1,2,5,0,1,1,0,0,120
297,68655,0,0,0,0,0,0,8,0,0,0,0,0,0,0,0,0,0,0,0,0,0,0,120
298,68689,0,0,0,18,27,4,23,0,1,0,0,0,0,0,0,0,0,0,0,0,0,0,120
299,68720,0,45,18,21,2,7,14,2,38,48,35,5,3,2,4,10,3,6,1,1,2,0,120
300,68745,0,19,33,20,1,7,13,7,5,35,10,1,1,0,0,4,6,4,0,0,0,0,120
301,68755,0,2,0,0,0,0,0,0,0,0,0,0,0,0,0,0,0,0,0,0,0,0,120
302,68773,3,55,109,173,199,205,204,449,191,95,86,31,26,7,3,0,0,0,0,0,0,0,120
303,68861,0,0,7,12,19,18,8,0,29,39,19,2,3,1,2,0,0,0,0,0,0,0,120
304,76100,0,0,0,0,18,75,2,17,1,15,52,14,23,5,16,31,75,80,17,24,77,156,120
305,76109,186,66,32,44,10,149,400,0,794,558,842,422,338,539,627,680,0,987,918,907,0,1301,120
306,76001,0,0,0,0,0,0,0,2,0,0,0,0,0,0,0,0,0,0,0,0,0,0,120
307,76126,0,0,5,0,0,57,51,386,134,92,73,46,31,16,24,33,43,44,14,13,45,48,120
308,76233,0,34,0,0,0,0,0,8,0,0,14,0,6,1,3,3,45,36,58,38,33,48,120
309,76364,0,11,0,0,0,0,0,25,0,0,0,0,0,0,18,3,61,116,0,953,0,1083,120
310,76834,0,0,0,0,0,0,0,0,0,0,0,0,0,0,0,0,4,4,0,0,0,0,120
311,97161,0,0,827,638,386,189,157,168,63,60,100,105,125,92,31,96,105,64,25,39,28,17,120
312,97001,380,269,230,389,262,259,125,331,190,424,111,125,54,16,1,0,0,0,0,0,0,0,120
313,97511,36,20,34,0,1,3,16,27,78,183,60,15,0,0,0,0,0,0,0,0,0,0,120
314,97777,73,58,7,33,21,9,5,26,15,27,1,6,4,1,0,0,0,0,0,0,0,0,120
315,97666,0,0,0,0,0,0,0,0,1,14,5,1,0,0,0,0,0,0,0,0,0,0,120
316,97889,1,14,57,23,1,0,4,5,4,13,0,2,1,0,0,0,0,0,0,0,0,0,120
317,99773,0,0,0,0,0,0,0,0,0,0,0,0,710,507,683,699,652,549,245,120,310,282,120
318,99524,122,63,60,63,227,53,108,46,35,38,30,8,3,4,0,0,0,0,0,0,0,0,120
319,99624,0,0,0,0,0,0,1,0,12,0,0,0,0,0,0,0,0,0,0,0,0,0,120
