id,codigodane,numerodesolicitantes,source_id
1,91263,0,119
2,91263,7,119
3,91405,2,119
4,91405,2,119
5,91407,2,119
6,91407,0,119
7,91430,4,119
8,91430,1,119
9,91001,1,119
10,91460,2,119
11,91536,1,119
12,91669,6,119
13,91798,1,119
14,91798,1,119
15,05002,42,119
16,05002,21,119
17,05002,11,119
18,05004,3,119
19,05021,25,119
20,05021,8,119
21,05030,11,119
22,05030,9,119
23,05031,72,119
24,05034,16,119
25,05036,9,119
26,05036,8,119
27,05038,21,119
28,05038,30,119
29,05044,10,119
30,05044,11,119
31,05045,1,119
32,05051,1,119
33,05055,165,119
34,05055,1,119
35,05059,6,119
36,05059,11,119
37,05079,25,119
38,05079,28,119
39,05088,76,119
40,05088,95,119
41,05086,7,119
42,05091,35,119
43,05091,21,119
44,05093,42,119
45,05113,17,119
46,05120,3,119
47,05125,4,119
48,05125,7,119
49,05129,13,119
50,05129,14,119
51,05134,13,119
52,05142,2,119
53,05142,4,119
54,05145,12,119
55,05145,9,119
56,05147,92,119
57,05147,1,119
58,05147,4,119
59,05150,1,119
60,05150,2,119
61,05172,0,119
62,05190,1,119
63,05190,2,119
64,05101,21,119
65,05206,26,119
66,05206,2,119
67,05209,25,119
68,05209,11,119
69,05212,11,119
70,05237,2,119
71,05237,5,119
72,05240,5,119
73,05240,2,119
74,05148,91,119
75,05148,65,119
76,05148,1,119
77,05697,9,119
78,05264,7,119
79,05264,3,119
80,05266,11,119
81,05266,3,119
82,05282,13,119
83,05282,2,119
84,05284,81,119
85,05306,11,119
86,05306,10,119
87,05308,35,119
88,05310,11,119
89,05315,5,119
90,05318,18,119
91,05318,25,119
92,05321,14,119
93,05321,6,119
94,05347,37,119
95,05347,38,119
96,05353,2,119
97,05360,12,119
98,05360,12,119
99,05361,1,119
100,05364,6,119
101,05364,1,119
102,05368,6,119
103,05368,2,119
104,05376,4,119
105,05376,5,119
106,05380,7,119
107,05380,5,119
108,05390,5,119
109,05390,2,119
110,05400,23,119
111,05400,14,119
112,05411,10,119
113,05411,1,119
114,05425,56,119
115,05425,35,119
116,05440,5,119
117,05440,5,119
118,05440,1,119
119,05001,2,119
120,05001,2,119
121,05467,1,119
122,05475,7,119
123,05475,5,119
124,05480,5,119
125,05483,94,119
126,05501,2,119
127,05501,4,119
128,05541,14,119
129,05541,18,119
130,05543,21,119
131,05543,27,119
132,05579,1,119
133,05585,20,119
134,05585,1,119
135,05591,58,119
136,05591,14,119
137,05591,1,119
138,05604,1,119
139,05604,1,119
140,05607,4,119
141,05615,12,119
142,05615,10,119
143,05628,19,119
144,05642,56,119
145,05642,43,119
146,05649,3,119
147,05652,106,119
148,05656,13,119
149,05656,7,119
150,05656,1,119
151,05658,1,119
152,05658,1,119
153,05659,16,119
154,05664,4,119
155,05664,3,119
156,05665,1,119
157,05670,113,119
158,05670,1,119
159,05674,12,119
160,05679,15,119
161,05679,15,119
162,05686,16,119
163,05686,6,119
164,05042,14,119
165,05042,13,119
166,05690,35,119
167,05690,40,119
168,05761,4,119
169,05789,32,119
170,05789,42,119
171,05792,6,119
172,05809,2,119
173,05809,1,119
174,05819,19,119
175,05837,1,119
176,05837,6,119
177,05837,4,119
178,05842,26,119
179,05842,13,119
180,05854,63,119
181,05854,2,119
182,05856,2,119
183,05856,3,119
184,05858,45,119
185,05861,6,119
186,05873,25,119
187,05873,11,119
188,05873,1,119
189,05885,24,119
190,05885,18,119
191,05893,2,119
192,81220,33,119
193,81220,1,119
194,81591,46,119
195,81736,81,119
196,81736,1,119
197,81794,286,119
198,81794,3,119
199,08078,5,119
200,08078,2,119
201,08001,101,119
202,08001,55,119
203,08137,1,119
204,08141,1,119
205,08296,2,119
206,08296,6,119
207,08372,2,119
208,08372,6,119
209,08421,8,119
210,08421,3,119
211,08433,8,119
212,08433,4,119
213,08436,12,119
214,08520,2,119
215,08549,51,119
216,08549,37,119
217,08549,1,119
218,08558,5,119
219,08558,1,119
220,08560,48,119
221,08560,46,119
222,08573,3,119
223,08573,7,119
224,08606,20,119
225,08606,19,119
226,08634,2,119
227,08634,2,119
228,08638,11,119
229,08638,10,119
230,08685,2,119
231,08770,1,119
232,08770,1,119
233,08832,28,119
234,08832,1,119
235,08849,2,119
236,11001,3,119
237,13006,35,119
238,13030,24,119
239,13042,73,119
240,13052,92,119
241,13052,33,119
242,13062,11,119
243,13062,3,119
244,13074,34,119
245,13074,26,119
246,13140,25,119
247,13140,1,119
248,13188,1,119
249,13222,19,119
250,13222,12,119
251,13212,68,119
252,13244,1,119
253,13248,32,119
254,13248,21,119
255,13248,1,119
256,13268,2,119
257,13268,4,119
258,13300,1,119
259,13430,14,119
260,13430,13,119
261,13433,16,119
262,13442,1,119
263,13468,3,119
264,13458,55,119
265,13458,39,119
266,13473,1,119
267,13549,14,119
268,13549,9,119
269,13580,25,119
270,13580,16,119
271,13600,24,119
272,13620,8,119
273,13620,4,119
274,13647,39,119
275,13647,13,119
276,13650,2,119
277,13655,37,119
278,13655,18,119
279,13655,2,119
280,13657,1,119
281,13667,65,119
282,13667,31,119
283,13670,1,119
284,13673,8,119
285,13673,4,119
286,13683,8,119
287,13683,10,119
288,13683,1,119
289,13688,62,119
290,13744,1,119
291,13760,3,119
292,13760,1,119
293,13780,2,119
294,13780,3,119
295,13810,77,119
296,13810,37,119
297,13836,46,119
298,13873,26,119
299,13873,1,119
300,15022,2,119
301,15047,23,119
302,15051,1,119
303,15087,1,119
304,15090,8,119
305,15097,1,119
306,15106,2,119
307,15106,4,119
308,15109,1,119
309,15131,1,119
310,15131,1,119
311,15135,2,119
312,15135,2,119
313,15176,1,119
314,15176,2,119
315,15180,7,119
316,15180,7,119
317,15183,18,119
318,15185,1,119
319,15236,15,119
320,15236,4,119
321,15218,1,119
322,15223,12,119
323,15226,8,119
324,15244,2,119
325,15244,4,119
326,15248,4,119
327,15248,4,119
328,15276,1,119
329,15293,1,119
330,15293,1,119
331,15299,1,119
332,15317,1,119
333,15322,7,119
334,15322,1,119
335,15325,4,119
336,15332,13,119
337,15332,1,119
338,15367,0,119
339,15368,3,119
340,15368,1,119
341,15401,4,119
342,15401,1,119
343,15377,26,119
344,15425,1,119
345,15425,3,119
346,15442,4,119
347,15455,6,119
348,15455,11,119
349,15464,6,119
350,15464,2,119
351,15469,1,119
352,15480,10,119
353,15480,9,119
354,15507,25,119
355,15507,19,119
356,15514,33,119
357,15516,6,119
358,15516,0,119
359,15518,33,119
360,15518,8,119
361,15522,1,119
362,15531,8,119
363,15533,24,119
364,15542,5,119
365,15542,2,119
366,15550,2,119
367,15572,35,119
368,15580,10,119
369,15580,20,119
370,15599,1,119
371,15646,1,119
372,15660,2,119
373,15667,4,119
374,15673,8,119
375,15681,8,119
376,15681,13,119
377,15690,1,119
378,15690,1,119
379,15696,1,119
380,15753,1,119
381,15755,33,119
382,15755,18,119
383,15759,3,119
384,15759,1,119
385,15763,5,119
386,15774,4,119
387,15810,1,119
388,15816,1,119
389,15822,1,119
390,15001,2,119
391,15832,1,119
392,15835,1,119
393,15837,1,119
394,15839,1,119
395,15842,1,119
396,15842,2,119
397,15407,3,119
398,15879,1,119
399,15897,3,119
400,17013,32,119
401,17013,25,119
402,17013,1,119
403,17042,40,119
404,17042,35,119
405,17042,1,119
406,17088,10,119
407,17088,1,119
408,17174,2,119
409,17174,3,119
410,17272,16,119
411,17272,5,119
412,17380,24,119
413,17380,37,119
414,17388,8,119
415,17388,6,119
416,17001,21,119
417,17433,13,119
418,17442,5,119
419,17442,2,119
420,17442,3,119
421,17444,16,119
422,17444,12,119
423,17446,18,119
424,17446,8,119
425,17486,4,119
426,17486,6,119
427,17495,28,119
428,17495,18,119
429,17513,21,119
430,17524,2,119
431,17524,2,119
432,17614,26,119
433,17616,7,119
434,17616,8,119
435,17653,50,119
436,17653,27,119
437,17665,5,119
438,17777,10,119
439,17777,1,119
440,17777,12,119
441,17777,1,119
442,17867,30,119
443,17867,24,119
444,17873,14,119
445,17873,5,119
446,18205,144,119
447,18247,87,119
448,18256,64,119
449,18001,5,119
450,18460,77,119
451,18479,53,119
452,18753,1,119
453,18785,61,119
454,18860,4,119
455,85015,18,119
456,85015,4,119
457,85136,2,119
458,85136,5,119
459,85139,72,119
460,85162,37,119
461,85225,44,119
462,85263,60,119
463,85279,10,119
464,85279,6,119
465,85300,16,119
466,85315,13,119
467,85315,8,119
468,85325,31,119
469,85325,47,119
470,85400,26,119
471,85400,18,119
472,85410,52,119
473,85001,1,119
474,19022,44,119
475,19050,0,119
476,19130,3,119
477,19137,42,119
478,19142,40,119
479,19142,30,119
480,19212,56,119
481,19256,2,119
482,19290,7,119
483,19290,7,119
484,19364,12,119
485,19364,9,119
486,19397,1,119
487,19418,68,119
488,19418,61,119
489,19455,37,119
490,19455,33,119
491,19513,5,119
492,19513,3,119
493,19532,1,119
494,19533,2,119
495,19548,37,119
496,19548,18,119
497,19573,21,119
498,19573,10,119
499,19622,77,119
500,19698,115,119
501,19698,1,119
502,19743,97,119
503,19743,49,119
504,19760,18,119
505,19760,27,119
506,19780,1,119
507,19785,32,119
508,19807,120,119
509,19807,1,119
510,19809,50,119
511,19821,20,119
512,19824,19,119
513,19824,68,119
514,19845,5,119
515,19845,3,119
516,20011,142,119
517,20013,3,119
518,20060,37,119
519,20060,1,119
520,20175,69,119
521,20178,79,119
522,20228,1,119
523,20250,58,119
524,20250,40,119
525,20295,22,119
526,20295,21,119
527,20310,3,119
528,20621,2,119
529,20517,213,119
530,20550,1,119
531,20614,109,119
532,20614,57,119
533,20710,188,119
534,20750,183,119
535,20750,126,119
536,20750,1,119
537,20787,47,119
538,20001,6,119
539,27006,1,119
540,27025,19,119
541,27050,6,119
542,27050,5,119
543,27073,36,119
544,27075,25,119
545,27075,12,119
546,27077,9,119
547,27077,9,119
548,27160,7,119
549,27160,7,119
550,27205,11,119
551,27205,15,119
552,27135,2,119
553,27135,5,119
554,27245,113,119
555,27245,63,119
556,27250,16,119
557,27250,11,119
558,27361,17,119
559,27361,37,119
560,27372,22,119
561,27372,33,119
562,27413,6,119
563,27413,15,119
564,27425,20,119
565,27430,11,119
566,27430,32,119
567,27450,7,119
568,27450,17,119
569,27491,27,119
570,27495,12,119
571,27495,7,119
572,27001,85,119
573,27001,81,119
574,27580,24,119
575,27580,41,119
576,27580,2,119
577,27600,10,119
578,27600,8,119
579,27615,1,119
580,27660,65,119
581,27660,1,119
582,27745,9,119
583,27745,10,119
584,27787,95,119
585,27787,115,119
586,27787,2,119
587,27800,125,119
588,27800,103,119
589,27810,10,119
590,27810,1,119
591,23079,16,119
592,23162,2,119
593,23168,4,119
594,23168,4,119
595,23182,6,119
596,23182,11,119
597,23189,7,119
598,23189,2,119
599,23300,3,119
600,23300,0,119
601,23350,7,119
602,23417,14,119
603,23464,1,119
604,23500,8,119
605,23500,8,119
606,23555,33,119
607,23586,3,119
608,23660,3,119
609,23660,3,119
610,23670,2,119
611,23670,3,119
612,23670,0,119
613,23672,3,119
614,23675,13,119
615,23675,4,119
616,23678,2,119
617,23686,4,119
618,23686,1,119
619,23815,1,119
620,25001,5,119
621,25019,3,119
622,25019,10,119
623,25035,1,119
624,25035,5,119
625,25040,5,119
626,25040,2,119
627,25599,5,119
628,25599,5,119
629,25053,40,119
630,25053,18,119
631,25086,3,119
632,25086,3,119
633,25086,2,119
634,25095,8,119
635,25095,2,119
636,25120,13,119
637,25120,19,119
638,25123,2,119
639,25126,1,119
640,25126,2,119
641,25148,39,119
642,25148,36,119
643,25151,5,119
644,25151,2,119
645,25154,1,119
646,25168,33,119
647,25168,21,119
648,25175,6,119
649,25175,2,119
650,25178,7,119
651,25178,1,119
652,25181,2,119
653,25181,2,119
654,25183,1,119
655,25200,1,119
656,25214,1,119
657,25214,1,119
658,25214,2,119
659,25245,4,119
660,25258,33,119
661,25258,34,119
662,25260,1,119
663,25269,2,119
664,25279,2,119
665,25279,6,119
666,25281,4,119
667,25281,2,119
668,25286,1,119
669,25290,20,119
670,25290,11,119
671,25290,1,119
672,25293,15,119
673,25293,5,119
674,25297,4,119
675,25299,2,119
676,25307,1,119
677,25307,9,119
678,25312,3,119
679,25312,7,119
680,25317,1,119
681,25320,12,119
682,25320,9,119
683,25320,1,119
684,25322,1,119
685,25322,4,119
686,25324,7,119
687,25324,4,119
688,25326,0,119
689,25328,16,119
690,25328,4,119
691,25335,11,119
692,25335,7,119
693,25339,3,119
694,25339,4,119
695,25368,6,119
696,25368,3,119
697,25372,2,119
698,25372,4,119
699,25377,3,119
700,25386,6,119
701,25386,3,119
702,25398,18,119
703,25398,13,119
704,25402,1,119
705,25402,2,119
706,25436,2,119
707,25438,67,119
708,25473,1,119
709,25483,1,119
710,25483,2,119
711,25488,3,119
712,25488,1,119
713,25489,6,119
714,25489,3,119
715,25491,1,119
716,25491,1,119
717,25513,34,119
718,25518,4,119
719,25518,10,119
720,25524,12,119
721,25524,2,119
722,25530,30,119
723,25535,21,119
724,25535,6,119
725,25572,24,119
726,25572,6,119
727,25572,1,119
728,25580,24,119
729,25580,19,119
730,25592,3,119
731,25592,5,119
732,25594,2,119
733,25594,5,119
734,25596,25,119
735,25596,17,119
736,25612,2,119
737,25612,1,119
738,25645,1,119
739,25645,1,119
740,25649,9,119
741,25649,2,119
742,25653,7,119
743,25653,5,119
744,25658,3,119
745,25736,1,119
746,25736,2,119
747,25740,0,119
748,25740,6,119
749,25743,36,119
750,25743,30,119
751,25743,2,119
752,25745,1,119
753,25745,2,119
754,25754,21,119
755,25777,2,119
756,25781,1,119
757,25781,1,119
758,25785,1,119
759,25797,1,119
760,25797,3,119
761,25799,0,119
762,25799,2,119
763,25805,14,119
764,25805,10,119
765,25815,6,119
766,25815,3,119
767,25817,1,119
768,25823,34,119
769,25823,24,119
770,25839,26,119
771,25839,5,119
772,25841,2,119
773,25841,3,119
774,25845,2,119
775,25851,3,119
776,25851,1,119
777,25506,27,119
778,25506,18,119
779,25862,9,119
780,25862,11,119
781,25867,4,119
782,25867,3,119
783,25871,3,119
784,25871,3,119
785,25873,1,119
786,25873,3,119
787,25875,5,119
788,25875,2,119
789,25878,64,119
790,25878,1,119
791,25899,6,119
792,94343,2,119
793,94888,1,119
794,94883,3,119
795,95015,117,119
796,95015,1,119
797,41013,3,119
798,41013,2,119
799,41016,10,119
800,41026,1,119
801,41026,3,119
802,41078,4,119
803,41244,1,119
804,41298,55,119
805,41319,26,119
806,41319,12,119
807,41349,9,119
808,41349,9,119
809,41357,49,119
810,41359,42,119
811,41378,13,119
812,41378,7,119
813,41396,70,119
814,41503,13,119
815,41518,2,119
816,41518,2,119
817,41524,31,119
818,41524,19,119
819,41548,1,119
820,41548,1,119
821,41551,55,119
822,41615,10,119
823,41660,19,119
824,41660,27,119
825,41668,62,119
826,41668,41,119
827,41676,25,119
828,41676,18,119
829,41791,6,119
830,41791,3,119
831,41799,66,119
832,41801,14,119
833,41801,1,119
834,41797,2,119
835,41797,4,119
836,41797,1,119
837,41807,2,119
838,41807,2,119
839,41872,27,119
840,41872,13,119
841,41885,1,119
842,44035,14,119
843,44078,61,119
844,44098,38,119
845,44110,39,119
846,44110,25,119
847,44279,31,119
848,44420,7,119
849,44420,6,119
850,44430,30,119
851,44430,1,119
852,44560,1,119
853,44650,30,119
854,44650,1,119
855,44847,2,119
856,44847,1,119
857,44855,18,119
858,44855,7,119
859,44855,1,119
860,44874,22,119
861,47030,17,119
862,47161,11,119
863,47161,7,119
864,47170,1,119
865,47189,1,119
866,47189,1,119
867,47205,4,119
868,47205,1,119
869,47258,88,119
870,47268,17,119
871,47268,3,119
872,47318,10,119
873,47318,5,119
874,47460,9,119
875,47541,10,119
876,47541,3,119
877,47541,1,119
878,47545,14,119
879,47545,8,119
880,47551,1,119
881,47570,184,119
882,47570,82,119
883,47570,1,119
884,47605,313,119
885,47605,345,119
886,47660,158,119
887,47675,106,119
888,47675,31,119
889,47692,5,119
890,47692,6,119
891,47692,2,119
892,47703,3,119
893,47703,2,119
894,47707,83,119
895,47707,40,119
896,47720,2,119
897,47720,2,119
898,47001,20,119
899,47001,2,119
900,47960,24,119
901,47960,13,119
902,50006,148,119
903,50006,99,119
904,50110,23,119
905,50110,12,119
906,50124,34,119
907,50124,18,119
908,50150,8,119
909,50150,4,119
910,50223,38,119
911,50223,16,119
912,50226,17,119
913,50226,15,119
914,50245,16,119
915,50245,10,119
916,50251,0,119
917,50287,59,119
918,50287,41,119
919,50313,46,119
920,50318,21,119
921,50318,9,119
922,50400,89,119
923,50325,2,119
924,50450,131,119
925,50568,324,119
926,50568,5,119
927,50577,1,119
928,50573,1,119
929,50573,3,119
930,50590,1,119
931,50606,10,119
932,50680,8,119
933,50680,15,119
934,50683,80,119
935,50686,12,119
936,50686,1,119
937,50689,1,119
938,50689,1,119
939,50001,1,119
940,50711,3,119
941,52019,91,119
942,52022,2,119
943,52036,5,119
944,52051,0,119
945,52051,2,119
946,52083,10,119
947,52083,9,119
948,52110,1,119
949,52240,1,119
950,52240,4,119
951,52203,30,119
952,52207,9,119
953,52210,1,119
954,52210,2,119
955,52215,6,119
956,52215,2,119
957,52224,1,119
958,52224,2,119
959,52227,14,119
960,52227,3,119
961,52254,15,119
962,52254,4,119
963,52258,1,119
964,52260,13,119
965,52520,15,119
966,52520,1,119
967,52287,5,119
968,52287,8,119
969,52317,2,119
970,52320,4,119
971,52320,2,119
972,52352,1,119
973,52378,15,119
974,52381,7,119
975,52381,20,119
976,52390,20,119
977,52390,13,119
978,52411,21,119
979,52411,21,119
980,52418,271,119
981,52427,80,119
982,52427,54,119
983,52435,18,119
984,52473,20,119
985,52473,27,119
986,52490,40,119
987,52560,7,119
988,52560,5,119
989,52573,6,119
990,52585,1,119
991,52678,67,119
992,52685,4,119
993,52685,7,119
994,52687,27,119
995,52693,41,119
996,52694,2,119
997,52694,3,119
998,52683,6,119
999,52683,10,119
1000,52699,44,119
1001,52786,6,119
1002,52786,8,119
1003,52835,2,119
1004,52835,3,119
1005,52838,3,119
1006,52838,3,119
1007,52885,2,119
1008,54003,142,119
1009,54099,4,119
1010,54099,1,119
1011,54109,18,119
1012,54109,10,119
1013,54128,33,119
1014,54172,3,119
1015,54172,4,119
1016,54174,32,119
1017,54206,45,119
1018,54001,0,119
1019,54223,6,119
1020,54223,8,119
1021,54239,4,119
1022,54239,7,119
1023,54245,104,119
1024,54245,49,119
1025,54245,1,119
1026,54261,114,119
1027,54261,1,119
1028,54313,1,119
1029,54313,2,119
1030,54344,27,119
1031,54347,1,119
1032,54347,1,119
1033,54385,70,119
1034,54398,18,119
1035,54398,14,119
1036,54377,5,119
1037,54377,1,119
1038,54405,20,119
1039,54405,14,119
1040,54418,2,119
1041,54418,2,119
1042,54498,138,119
1043,54498,14,119
1044,54518,3,119
1045,54518,3,119
1046,54520,2,119
1047,54553,3,119
1048,54599,7,119
1049,54599,2,119
1050,54660,15,119
1051,54660,10,119
1052,54673,4,119
1053,54673,3,119
1054,54680,4,119
1055,54680,4,119
1056,54680,1,119
1057,54743,1,119
1058,54743,1,119
1059,54800,26,119
1060,54820,16,119
1061,54871,1,119
1062,54874,26,119
1063,54874,32,119
1064,86219,4,119
1065,86219,2,119
1066,86568,0,119
1067,86755,33,119
1068,86749,4,119
1069,86749,5,119
1070,86865,3,119
1071,63001,10,119
1072,63001,0,119
1073,63001,20,119
1074,63111,1,119
1075,63111,1,119
1076,63130,16,119
1077,63130,14,119
1078,63190,3,119
1079,63190,3,119
1080,63212,12,119
1081,63212,8,119
1082,63272,2,119
1083,63302,20,119
1084,63401,3,119
1085,63401,5,119
1086,63470,3,119
1087,63470,3,119
1088,63548,3,119
1089,63594,3,119
1090,63690,7,119
1091,63690,1,119
1092,66045,17,119
1093,66045,19,119
1094,66075,3,119
1095,66075,2,119
1096,66088,22,119
1097,66170,18,119
1098,66170,7,119
1099,66318,23,119
1100,66318,32,119
1101,66318,1,119
1102,66383,19,119
1103,66383,12,119
1104,66400,3,119
1105,66400,3,119
1106,66440,13,119
1107,66440,2,119
1108,66456,66,119
1109,66456,33,119
1110,66572,185,119
1111,66682,7,119
1112,66682,3,119
1113,66687,34,119
1114,66687,21,119
1115,88001,1,119
1116,68013,4,119
1117,68013,1,119
1118,68020,4,119
1119,68020,8,119
1120,68051,1,119
1121,68077,2,119
1122,68081,2,119
1123,68092,57,119
1124,68092,54,119
1125,68101,1,119
1126,68121,1,119
1127,68132,5,119
1128,68147,3,119
1129,68152,2,119
1130,68152,1,119
1131,68160,1,119
1132,68160,0,119
1133,68162,3,119
1134,68162,7,119
1135,68167,5,119
1136,68169,7,119
1137,68176,8,119
1138,68176,4,119
1139,68179,1,119
1140,68179,1,119
1141,68190,3,119
1142,68207,10,119
1143,68207,12,119
1144,68209,1,119
1145,68211,1,119
1146,68217,4,119
1147,68229,0,119
1148,68235,155,119
1149,68245,2,119
1150,68245,1,119
1151,68250,46,119
1152,68250,57,119
1153,68255,56,119
1154,68264,2,119
1155,68264,1,119
1156,68266,3,119
1157,68271,4,119
1158,68271,3,119
1159,68276,12,119
1160,68276,7,119
1161,68296,4,119
1162,68296,4,119
1163,68298,5,119
1164,68298,1,119
1165,68307,52,119
1166,68307,44,119
1167,68307,1,119
1168,68318,4,119
1169,68320,2,119
1170,68324,1,119
1171,68324,2,119
1172,68327,1,119
1173,68344,7,119
1174,68344,2,119
1175,68368,2,119
1176,68368,2,119
1177,68377,13,119
1178,68397,10,119
1179,68397,5,119
1180,68418,2,119
1181,68418,3,119
1182,68425,11,119
1183,68432,4,119
1184,68432,7,119
1185,68444,45,119
1186,68464,6,119
1187,68464,6,119
1188,68468,3,119
1189,68468,3,119
1190,68500,5,119
1191,68500,2,119
1192,68502,3,119
1193,68533,1,119
1194,68547,23,119
1195,68572,1,119
1196,68572,4,119
1197,68575,89,119
1198,68575,16,119
1199,68669,10,119
1200,68673,2,119
1201,68679,3,119
1202,68679,1,119
1203,68682,2,119
1204,68682,1,119
1205,68684,1,119
1206,68686,17,119
1207,68686,9,119
1208,68689,1,119
1209,68689,1,119
1210,68705,2,119
1211,68720,15,119
1212,68755,1,119
1213,68755,1,119
1214,68770,11,119
1215,68773,16,119
1216,68773,18,119
1217,68780,25,119
1218,68780,9,119
1219,68820,8,119
1220,68855,1,119
1221,68872,2,119
1222,68895,25,119
1223,68895,16,119
1224,70110,4,119
1225,70124,4,119
1226,70124,1,119
1227,70230,91,119
1228,70221,1,119
1229,70265,17,119
1230,70265,14,119
1231,70400,2,119
1232,70400,3,119
1233,70429,57,119
1234,70429,31,119
1235,70523,4,119
1236,70670,5,119
1237,70670,2,119
1238,70670,2,119
1239,70678,26,119
1240,70702,12,119
1241,70702,6,119
1242,70708,16,119
1243,70708,12,119
1244,70717,30,119
1245,70820,13,119
1246,70742,29,119
1247,70742,13,119
1248,70001,61,119
1249,70771,23,119
1250,70823,89,119
1251,70823,37,119
1252,73024,22,119
1253,73024,17,119
1254,73026,54,119
1255,73030,46,119
1256,73030,26,119
1257,73043,99,119
1258,73055,19,119
1259,73124,51,119
1260,73148,2,119
1261,73148,1,119
1262,73152,38,119
1263,73200,1,119
1264,73200,2,119
1265,73217,140,119
1266,73226,59,119
1267,73226,2,119
1268,73268,2,119
1269,73268,0,119
1270,73270,24,119
1271,73275,1,119
1272,73275,1,119
1273,73275,1,119
1274,73283,44,119
1275,73283,29,119
1276,73319,9,119
1277,73319,5,119
1278,73347,31,119
1279,73347,24,119
1280,73347,1,119
1281,73349,7,119
1282,73349,8,119
1283,73001,1,119
1284,73411,197,119
1285,73443,24,119
1286,73449,6,119
1287,73461,11,119
1288,73461,27,119
1289,73504,1,119
1290,73520,28,119
1291,73520,21,119
1292,73585,32,119
1293,73585,18,119
1294,73671,2,119
1295,73671,1,119
1296,73675,4,119
1297,73678,56,119
1298,73678,26,119
1299,73686,27,119
1300,73686,20,119
1301,73770,2,119
1302,73770,5,119
1303,73854,72,119
1304,73854,88,119
1305,73861,80,119
1306,73861,57,119
1307,73873,85,119
1308,73873,54,119
1309,73873,1,119
1310,76020,3,119
1311,76020,6,119
1312,76036,10,119
1313,76036,4,119
1314,76041,5,119
1315,76041,10,119
1316,76054,5,119
1317,76054,2,119
1318,76109,1,119
1319,76109,5,119
1320,76113,178,119
1321,76113,116,119
1322,76122,5,119
1323,76126,52,119
1324,76126,1,119
1325,76130,4,119
1326,76130,7,119
1327,76147,6,119
1328,76243,15,119
1329,76243,15,119
1330,76246,25,119
1331,76246,17,119
1332,76248,18,119
1333,76250,57,119
1334,76275,39,119
1335,76275,31,119
1336,76275,1,119
1337,76306,32,119
1338,76306,14,119
1339,76306,0,119
1340,76318,11,119
1341,76318,9,119
1342,76111,3,119
1343,76364,3,119
1344,76364,3,119
1345,76377,28,119
1346,76400,5,119
1347,76403,1,119
1348,76403,4,119
1349,76520,87,119
1350,76520,46,119
1351,76563,63,119
1352,76563,65,119
1353,76563,3,119
1354,76606,12,119
1355,76606,13,119
1356,76606,1,119
1357,76622,25,119
1358,76670,34,119
1359,76670,40,119
1360,76736,1,119
1361,76823,3,119
1362,76823,13,119
1363,76845,3,119
1364,76845,4,119
1365,76863,8,119
1366,76863,8,119
1367,76869,10,119
1368,76869,7,119
1369,76890,9,119
1370,76890,8,119
1371,76892,5,119
1372,76895,14,119
1373,76895,9,119
1374,97511,5,119
1375,97511,8,119
1376,97666,1,119
1377,97666,1,119
1378,97889,1,119
1379,99773,1,119
1380,99773,1,119
1381,99524,1,119
1382,99524,1,119
1383,99001,4,119
1384,99001,1,119
1385,44001,148,119
1386,08832,42,119
1387,44279,18,119
1388,13873,84,119
1389,50400,85,119
1390,44378,12,119
1391,50450,1,119
1392,68770,8,119
1393,05284,98,119
1394,27425,23,119
1395,15377,25,119
1396,99624,21,119
1397,68266,2,119
1398,20383,393,119
1399,70771,38,119
1400,13042,67,119
1401,70233,16,119
1402,25245,4,119
1403,05576,10,119
1404,50313,53,119
1405,47258,72,119
1406,44035,14,119
1407,68147,8,119
1408,05858,58,119
1409,05576,8,119
1410,70215,6,119
1411,68385,58,119
1412,05480,375,119
1413,73043,75,119
1414,05792,11,119
1415,44378,11,119
1416,76233,4,119
1417,54261,97,119
1418,73555,267,119
1419,70713,2,119
1420,52678,46,119
1421,19785,36,119
1422,18029,18,119
1423,19100,167,119
1424,05308,20,119
1425,52110,43,119
1426,41799,33,119
1427,17614,48,119
1428,19392,58,119
1429,05107,52,119
1430,25662,17,119
1431,94001,8,119
1432,73671,8,119
1433,13838,21,119
1434,41483,23,119
1435,15572,47,119
1436,13030,19,119
1437,66088,29,119
1438,68615,95,119
1439,52079,146,119
1440,44078,89,119
1441,41357,29,119
1442,41770,27,119
1443,85440,15,119
1444,68861,5,119
1445,54051,31,119
1446,54385,70,119
1447,52699,39,119
1448,25843,4,119
1449,94886,1,119
1450,85300,23,119
1451,86755,31,119
1452,63302,14,119
1453,47058,65,119
1454,27025,13,119
1455,05040,50,119
1456,85440,20,119
1457,41503,6,119
1458,81591,29,119
1459,13473,119,119
1460,19780,52,119
1461,19300,4,119
1462,13836,20,119
1463,68318,8,119
1464,44098,17,119
1465,20550,178,119
1466,05670,125,119
1467,25438,76,119
1468,41483,24,119
1469,73563,59,119
1470,73408,59,119
1471,25718,17,119
1472,23001,3,119
1473,17050,8,119
1474,41548,2,119
1475,13657,132,119
1476,47189,332,119
1477,23090,67,119
1478,70678,68,119
1479,18785,87,119
1480,41306,42,119
1481,20770,173,119
1482,05310,13,119
1483,05887,47,119
1484,70508,2,119
1485,05761,8,119
1486,05250,485,119
1487,27073,59,119
1488,05736,83,119
1489,76497,15,119
1490,13744,99,119
1491,13006,93,119
1492,25718,8,119
1493,20383,155,119
1494,05854,67,119
1495,52573,8,119
1496,85263,48,119
1497,54720,1,119
1498,73270,19,119
1499,41006,66,119
1500,05480,1,119
1501,05120,537,119
1502,25754,37,119
1503,05467,207,119
1504,52621,93,119
1505,76622,17,119
1506,13001,27,119
1507,41770,9,119
1508,94884,3,119
1509,18256,56,119
1510,91001,8,119
1511,25658,3,119
1512,85250,57,119
1513,50689,114,119
1514,05660,202,119
1515,54800,74,119
1516,13001,139,119
1517,19355,32,119
1518,18094,56,119
1519,73870,67,119
1520,23068,1,119
1521,15531,10,119
1522,18860,103,119
1523,73026,1,119
1524,05628,20,119
1525,15533,14,119
1526,52385,60,119
1527,70473,125,119
1528,76497,20,119
1529,70215,35,119
1530,25885,145,119
1531,41206,40,119
1532,52203,41,119
1533,41530,7,119
1534,68101,55,119
1535,23678,6,119
1536,18247,61,119
1537,73001,127,119
1538,05483,115,119
1539,47170,109,119
1540,50350,210,119
1541,05579,37,119
1542,05604,102,119
1543,73168,3,119
1544,47053,321,119
1545,05665,168,119
1546,68669,3,119
1547,52110,37,119
1548,50450,106,119
1549,05579,44,119
1550,50325,2,119
1551,50577,166,119
1552,23417,11,119
1553,05234,288,119
1554,70473,345,119
1555,54498,81,119
1556,17433,23,119
1557,05172,205,119
1558,19355,67,119
1559,76400,15,119
1560,50577,225,119
1561,76111,90,119
1562,25286,4,119
1563,19100,2,119
1564,95015,80,119
1565,52612,67,119
1566,70418,122,119
1567,27150,2,119
1568,05660,170,119
1569,19212,51,119
1570,52399,158,119
1571,73236,110,119
1572,86865,946,119
1573,76736,53,119
1574,50573,139,119
1575,73124,25,119
1576,76122,1,119
1577,54670,62,119
1578,05250,451,119
1579,13160,74,119
1580,73870,82,119
1581,50330,294,119
1582,18479,33,119
1583,47053,183,119
1584,23682,190,119
1585,05490,2,119
1586,85225,35,119
1587,85430,39,119
1588,25513,37,119
1589,17541,282,119
1590,05138,69,119
1591,13657,1,119
1592,52256,183,119
1593,76377,23,119
1594,05313,465,119
1595,13442,155,119
1596,73217,102,119
1597,54206,75,119
1598,19622,76,119
1599,05736,62,119
1600,68406,94,119
1601,85230,91,119
1602,20770,219,119
1603,05034,17,119
1604,13001,48,119
1605,18610,91,119
1606,70820,26,119
1607,68502,5,119
1608,76147,20,119
1609,20787,109,119
1610,20011,187,119
1611,86757,1,119
1612,05861,8,119
1613,13688,79,119
1614,68425,42,119
1615,73226,79,119
1616,68861,14,119
1617,76616,75,119
1618,20517,160,119
1619,44090,130,119
1620,23079,19,119
1621,13490,10,119
1622,23580,136,119
1623,47798,51,119
1624,13244,2,119
1625,18756,107,119
1626,86760,55,119
1627,19701,147,119
1628,73622,59,119
1629,23807,8,119
1630,52260,10,119
1631,18860,191,119
1632,27150,29,119
1633,54344,49,119
1634,70204,162,119
1635,86001,100,119
1636,76834,295,119
1637,41306,55,119
1638,54051,33,119
1639,05147,153,119
1640,50270,119,119
1641,44001,161,119
1642,50270,110,119
1643,52435,38,119
1644,05138,57,119
1645,20228,174,119
1646,20550,226,119
1647,68444,29,119
1648,25885,152,119
1649,50689,94,119
1650,05134,28,119
1651,85162,64,119
1652,05895,120,119
1653,73547,9,119
1654,52385,30,119
1655,52696,173,119
1656,44650,45,119
1657,76828,107,119
1658,17513,21,119
1659,19532,119,119
1660,23068,54,119
1661,85125,78,119
1662,76001,151,119
1663,73547,17,119
1664,19110,110,119
1665,66594,187,119
1666,73483,113,119
1667,68655,2,119
1668,54720,133,119
1669,41359,35,119
1670,73067,543,119
1671,41006,52,119
1672,54820,25,119
1673,76001,33,119
1674,05234,246,119
1675,19100,130,119
1676,54128,42,119
1677,52696,242,119
1678,68077,7,119
1679,68745,125,119
1680,19517,57,119
1681,18205,119,119
1682,50573,105,119
1683,86755,1,119
1684,11001,199,119
1685,41530,15,119
1686,23672,3,119
1687,52036,15,119
1688,20032,46,119
1689,68689,134,119
1690,19693,48,119
1691,13654,360,119
1692,41396,47,119
1693,05101,25,119
1694,11001,1,119
1695,19698,116,119
1696,19821,42,119
1697,76111,135,119
1698,47555,87,119
1699,27006,60,119
1700,05154,3,119
1701,23001,412,119
1702,13468,14,119
1703,19001,67,119
1704,73408,114,119
1705,27615,10,119
1706,52258,624,119
1707,76616,54,119
1708,52250,42,119
1709,52207,12,119
1710,85410,94,119
1711,95001,356,119
1712,81001,89,119
1713,52540,4,119
1714,76250,75,119
1715,20443,51,119
1716,76892,6,119
1717,85430,38,119
1718,76100,165,119
1719,73236,73,119
1720,13657,438,119
1721,17662,394,119
1722,27099,51,119
1723,81065,157,119
1724,70221,6,119
1725,50590,325,119
1726,41298,53,119
1727,25394,395,119
1728,18094,117,119
1729,13600,29,119
1730,23466,105,119
1731,76248,15,119
1732,20032,49,119
1733,88001,1,119
1734,19473,1,119
1735,97001,33,119
1736,13140,98,119
1737,18150,1,119
1738,68655,209,119
1739,41001,80,119
1740,86760,64,119
1741,52233,101,119
1742,52227,24,119
1743,15550,8,119
1744,18029,26,119
1745,50370,2,119
1746,17877,7,119
1747,25662,26,119
1748,70233,18,119
1749,81220,41,119
1750,66001,33,119
1751,68217,5,119
1752,52621,60,119
1753,41551,53,119
1754,73067,716,119
1755,13212,204,119
1756,05649,709,119
1757,52378,18,119
1758,63548,7,119
1759,15047,23,119
1760,73675,131,119
1761,52693,32,119
1762,95025,151,119
1763,73563,86,119
1764,99524,56,119
1765,23350,9,119
1766,54670,35,119
1767,68615,168,119
1768,50370,175,119
1769,70418,40,119
1770,66594,128,119
1771,76001,2,119
1772,18460,1,119
1773,41615,15,119
1774,15667,10,119
1775,85230,48,119
1776,44430,32,119
1777,85139,71,119
1778,94343,27,119
1779,86571,616,119
1780,85010,73,119
1781,50251,232,119
1782,50370,327,119
1783,23090,60,119
1784,05001,677,119
1785,86573,287,119
1786,13300,34,119
1787,41020,156,119
1788,47288,165,119
1789,23580,88,119
1790,70110,21,119
1791,20570,96,119
1792,52399,190,119
1793,85001,92,119
1794,19256,493,119
1795,23682,197,119
1796,94343,27,119
1797,19585,23,119
1798,54001,316,119
1799,05031,47,119
1800,05212,12,119
1801,18592,222,119
1802,05051,318,119
1803,18756,157,119
1804,20238,382,119
1805,99773,589,119
1806,20228,218,119
1807,47555,167,119
1808,13894,105,119
1809,68573,69,119
1810,52835,857,119
1811,73504,157,119
1812,41206,78,119
1813,70508,702,119
1814,70235,80,119
1815,05667,142,119
1816,76109,399,119
1817,47745,256,119
1818,18001,256,119
1819,73616,458,119
1820,05154,276,119
1821,19318,53,119
1822,19300,7,119
1823,73411,230,119
1824,52250,73,119
1825,19450,94,119
1826,86568,517,119
1827,47030,21,119
1828,27615,482,119
1829,81300,32,119
1830,73352,55,119
1831,73504,119,119
1832,05040,78,119
1833,13160,49,119
1834,20013,262,119
1835,91530,6,119
1836,05055,216,119
1837,20621,114,119
1838,52540,277,119
1839,73352,76,119
1840,97161,31,119
1841,15514,47,119
1842,19533,207,119
1843,52405,68,119
1844,13894,249,119
1845,05837,979,119
1846,73168,189,119
1847,70713,221,119
1848,20570,139,119
1849,68406,71,119
1850,15223,15,119
1851,05667,107,119
1852,86568,511,119
1853,05847,122,119
1854,99624,31,119
1855,05001,415,119
1856,19473,202,119
1857,50711,376,119
1858,19130,511,119
1859,73055,41,119
1860,23570,102,119
1861,76109,513,119
1862,05607,11,119
1863,20178,173,119
1864,68190,174,119
1865,54250,57,119
1866,47245,25,119
1867,68377,8,119
1868,95025,109,119
1869,05313,586,119
1870,19532,167,119
1871,19780,78,119
1872,19137,27,119
1873,23068,84,119
1874,76126,71,119
1875,20400,265,119
1876,68720,11,119
1877,19585,61,119
1878,68132,3,119
1879,15183,8,119
1880,97161,27,119
1881,05361,195,119
1882,50568,254,119
1883,50350,364,119
1884,47980,355,119
1885,52612,46,119
1886,18410,212,119
1887,73616,316,119
1888,18001,358,119
1889,52788,115,119
1890,41132,34,119
1891,50001,202,119
1892,76233,119,119
1893,19318,44,119
1894,20175,122,119
1895,41078,81,119
1896,73168,331,119
1897,20710,256,119
1898,05895,114,119
1899,99001,52,119
1900,19473,260,119
1901,52079,140,119
1902,50251,274,119
1903,05490,290,119
1904,73026,34,119
1905,70204,76,119
1906,70713,122,119
1907,54553,7,119
1908,73555,163,119
1909,19397,139,119
1910,47001,334,119
1911,52540,260,119
1912,73624,107,119
1913,05113,11,119
1914,66572,109,119
1915,23855,698,119
1916,47745,244,119
1917,54720,188,119
1918,81065,253,119
1919,54810,719,119
1920,05890,61,119
1921,19130,455,119
1922,18150,684,119
1923,50606,13,119
1924,05756,258,119
1925,52258,557,119
1926,19701,251,119
1927,47170,303,119
1928,27615,881,119
1929,86757,444,119
1930,05665,213,119
1931,17001,31,119
1932,73624,154,119
1933,50330,212,119
1934,68575,167,119
1935,47001,292,119
1936,76233,180,119
1937,86571,919,119
1938,19256,398,119
1939,13442,287,119
1940,23001,867,119
1941,13244,1729,119
1942,99773,424,119
1943,05154,205,119
1944,68235,207,119
1945,41001,152,119
1946,05790,327,119
1947,11001,172,119
1948,86569,3,119
1949,27006,108,119
1950,99524,90,119
1951,50711,515,119
1952,85010,76,119
1953,27660,115,119
1954,47980,158,119
1955,05756,234,119
1956,05093,30,119
1957,52405,84,119
1958,27491,24,119
1959,05120,578,119
1960,76834,223,119
1961,19807,80,119
1962,18460,129,119
1963,66001,30,119
1964,47798,132,119
1965,52480,4,119
1966,05004,14,119
1967,19533,260,119
1968,68573,114,119
1969,47288,251,119
1970,70235,59,119
1971,05045,393,119
1972,52356,118,119
1973,23419,12,119
1974,13433,31,119
1975,68745,151,119
1976,81794,238,119
1977,20443,19,119
1978,54001,358,119
1979,47245,26,119
1980,27099,20,119
1981,86320,1,119
1982,23574,14,119
1983,63594,1,119
1984,13670,147,119
1985,19450,114,119
1986,05197,155,119
1987,19809,49,119
1988,70508,257,119
1989,23466,187,119
1990,23162,12,119
1991,19050,212,119
1992,94001,16,119
1993,70001,28,119
1994,20238,266,119
1995,17541,158,119
1996,86885,306,119
1997,54810,13,119
1998,81300,39,119
1999,23574,21,119
2000,13838,15,119
2001,86757,488,119
2002,70523,11,119
2003,08758,11,119
2004,47189,567,119
2005,50683,132,119
2006,23570,212,119
2007,05480,284,119
2008,47058,41,119
2009,13473,125,119
2010,05649,961,119
2011,52418,246,119
2012,05051,221,119
2013,19022,63,119
2014,50590,400,119
2015,76100,144,119
2016,68255,90,119
2017,97001,39,119
2018,47551,388,119
2019,18150,419,119
2020,91669,12,119
2021,20001,734,119
2022,05647,33,119
2023,86573,271,119
2024,05674,11,119
2025,52835,868,119
2026,54810,959,119
2027,23807,706,119
2028,76364,159,119
2029,73622,101,119
2030,18410,332,119
2031,05467,266,119
2032,94884,1,119
2033,76001,176,119
2034,47660,332,119
2035,41078,139,119
2036,18610,153,119
2037,70717,79,119
2038,05652,106,119
2039,08758,18,119
2040,86320,579,119
2041,20045,249,119
2042,76828,210,119
2043,52001,185,119
2044,13490,27,119
2045,05495,169,119
2046,25394,387,119
2047,81001,74,119
2048,19110,88,119
2049,05197,142,119
2050,52520,27,119
2051,19397,195,119
2052,68001,46,119
2053,05887,46,119
2054,19001,401,119
2055,52490,62,119
2056,76736,30,119
2057,23419,28,119
2058,73001,206,119
2059,20400,344,119
2060,20060,39,119
2061,20013,373,119
2062,20001,489,119
2063,68169,15,119
2064,13654,715,119
2065,05315,4,119
2066,68655,303,119
2067,05604,111,119
2068,23807,468,119
2069,50325,841,119
2070,94343,13,119
2071,27150,80,119
2072,68167,7,119
2073,05495,229,119
2074,68547,10,119
2075,19693,27,119
2076,76364,131,119
2077,47460,20,119
2078,91536,1,119
2079,52356,136,119
2080,50001,124,119
2081,86569,331,119
2082,73443,35,119
2083,05585,36,119
2084,05837,1526,119
2085,52256,223,119
2086,99001,32,119
2087,44874,56,119
2088,05790,302,119
2089,05490,483,119
2090,52233,115,119
2091,52788,66,119
2092,20621,129,119
2093,73449,9,119
2094,18753,397,119
2095,41020,101,119
2096,85001,86,119
2097,19075,75,119
2098,68101,47,119
2099,85250,57,119
2100,86320,631,119
2101,68689,228,119
2102,73483,162,119
2103,05107,53,119
2104,95200,425,119
2105,05893,171,119
2106,54250,136,119
2107,19075,90,119
2108,13244,793,119
2109,23555,15,119
2110,18592,384,119
2111,81736,100,119
2112,05045,386,119
2113,05890,72,119
2114,25530,16,119
2115,54174,20,119
2116,52001,227,119
2117,73675,141,119
2118,05647,33,119
2119,15442,3,119
2120,68190,214,119
2121,73152,32,119
2122,95200,364,119
2123,41016,24,119
2124,68081,385,119
2125,17662,704,119
2126,18753,646,119
2127,86571,2,119
2128,25878,81,119
2129,68385,82,119
2130,54003,113,119
2131,19050,249,119
2132,44090,183,119
2133,41132,22,119
2134,05819,12,119
2135,05659,19,119
2136,50325,568,119
2137,05847,88,119
2138,86885,389,119
2139,20045,306,119
2140,05361,158,119
2141,19517,103,119
2142,19392,51,119
2143,85125,68,119
2144,86569,432,119
2145,68081,398,119
2146,05697,12,119
2147,68001,30,119
2148,13744,102,119
2149,86001,103,119
2150,52019,96,119
2151,70230,59,119
2152,86865,1083,119
2153,23855,327,119
2154,05893,96,119
2155,25845,1,119
2156,95001,515,119
2157,13670,188,119
2158,47551,379,119
2159,05172,272,119
2160,52687,12,119
