id,dane_code,year_of_incident,amount,source_id
1,63001,2024,1,26
2,08606,2024,1,26
3,13468,2024,1,26
4,47001,2024,1,26
5,13647,2024,1,26
6,47189,2024,1,26
7,08685,2024,1,26
8,47001,2024,1,26
9,41132,2024,1,26
10,47001,2024,1,26
11,47001,2024,1,26
12,47001,2024,1,26
13,25843,2024,1,26
14,47001,2024,1,26
15,47001,2024,1,26
16,47001,2024,1,26
17,08001,2024,1,26
18,50001,2024,1,26
19,11001,2024,1,26
20,08001,2024,1,26
21,47001,2024,1,26
22,08573,2024,1,26
23,08573,2024,1,26
24,76001,2024,1,26
25,08001,2024,1,26
26,11001,2024,1,26
27,47189,2024,1,26
28,11001,2024,1,26
29,50318,2024,1,26
30,08001,2024,1,26
31,63001,2024,1,26
32,76147,2024,1,26
33,11001,2024,1,26
34,11001,2024,1,26
35,08001,2023,1,26
36,11001,2023,1,26
37,25286,2023,1,26
38,11001,2023,1,26
39,76520,2023,1,26
40,08001,2023,1,26
41,76001,2023,1,26
42,08001,2023,1,26
43,11001,2023,1,26
44,44001,2023,1,26
45,08758,2023,1,26
46,41001,2023,1,26
47,85263,2023,1,26
48,73268,2023,1,26
49,25126,2023,1,26
50,25754,2023,1,26
51,25286,2023,1,26
52,23001,2023,1,26
53,76001,2023,1,26
54,05266,2023,1,26
55,11001,2023,1,26
56,54128,2023,1,26
57,25245,2023,1,26
58,63130,2023,1,26
59,08001,2023,1,26
60,47001,2023,1,26
61,05001,2023,1,26
62,08001,2023,1,26
63,11001,2023,1,26
64,08758,2023,1,26
65,08758,2023,1,26
66,66001,2023,1,26
67,08001,2023,1,26
68,11001,2023,1,26
69,08573,2023,1,26
70,76001,2023,1,26
71,08001,2023,1,26
72,11001,2023,1,26
73,08001,2023,1,26
74,18001,2023,1,26
75,50001,2023,1,26
76,08001,2023,1,26
77,11001,2023,1,26
78,05001,2023,1,26
79,11001,2023,1,26
80,08758,2023,1,26
81,11001,2023,1,26
82,08001,2023,1,26
83,68077,2023,1,26
84,08573,2023,1,26
85,73217,2023,1,26
86,18001,2023,1,26
87,25815,2023,1,26
88,08758,2023,1,26
89,70820,2023,1,26
90,08001,2023,1,26
91,25799,2023,1,26
92,25307,2023,1,26
93,76130,2023,1,26
94,86568,2023,1,26
95,25290,2023,1,26
96,08137,2023,1,26
97,66001,2023,1,26
98,70215,2023,1,26
99,08758,2023,1,26
100,11001,2023,1,26
101,47001,2023,1,26
102,11001,2023,1,26
103,76001,2023,1,26
104,08001,2023,1,26
105,19513,2023,1,26
106,08001,2023,1,26
107,11001,2023,1,26
108,20238,2023,1,26
109,25817,2023,1,26
110,44001,2023,1,26
111,44001,2023,1,26
112,08001,2023,1,26
113,20614,2023,1,26
114,11001,2023,1,26
115,05001,2023,1,26
116,08001,2023,1,26
117,70742,2023,1,26
118,76001,2023,1,26
119,54800,2023,1,26
120,05001,2023,1,26
121,11001,2023,1,26
122,11001,2023,1,26
123,47001,2023,1,26
124,08078,2023,1,26
125,05001,2023,1,26
126,68575,2023,1,26
127,05001,2023,1,26
128,11001,2023,1,26
129,52786,2023,1,26
130,05001,2023,1,26
131,47555,2023,1,26
132,47980,2023,1,26
133,20013,2023,1,26
134,25754,2023,1,26
135,13468,2023,1,26
136,08001,2023,1,26
137,20550,2023,1,26
138,11001,2022,1,26
139,05001,2022,1,26
140,15572,2022,1,26
141,44001,2022,1,26
142,70678,2022,1,26
143,47001,2022,1,26
144,08758,2022,1,26
145,05579,2022,1,26
146,11001,2022,1,26
147,13001,2022,1,26
148,54206,2022,1,26
149,18001,2022,1,26
150,47001,2022,1,26
151,68575,2022,1,26
152,08433,2022,1,26
153,47189,2022,1,26
154,08758,2022,1,26
155,11001,2022,1,26
156,11001,2022,1,26
157,08001,2022,1,26
158,13052,2022,1,26
159,20001,2022,1,26
160,15572,2022,1,26
161,20710,2022,1,26
162,08436,2022,1,26
163,05579,2022,1,26
164,13657,2022,1,26
165,76001,2022,1,26
166,05615,2022,1,26
167,08001,2022,1,26
168,11001,2022,1,26
169,08001,2022,1,26
170,08421,2022,1,26
171,20011,2022,1,26
172,18150,2022,1,26
173,50006,2022,1,26
174,11001,2022,1,26
175,11001,2022,1,26
176,47001,2022,1,26
177,08001,2022,1,26
178,08001,2022,1,26
179,13244,2022,1,26
180,11001,2022,1,26
181,47001,2022,1,26
182,20045,2022,1,26
183,11001,2022,1,26
184,68655,2022,1,26
185,11001,2022,1,26
186,05893,2022,1,26
187,25214,2022,1,26
188,76001,2022,1,26
189,08001,2022,1,26
190,23162,2022,1,26
191,11001,2022,1,26
192,70001,2022,1,26
193,08001,2022,1,26
194,08001,2022,1,26
195,47288,2022,1,26
196,47001,2022,1,26
197,47245,2022,1,26
198,08001,2022,1,26
199,08001,2022,1,26
200,05001,2022,1,26
201,20060,2022,1,26
202,47001,2022,1,26
203,20517,2022,1,26
204,23417,2022,1,26
205,08001,2022,1,26
206,08001,2022,1,26
207,20060,2022,1,26
208,11001,2022,1,26
209,11001,2022,1,26
210,11001,2022,1,26
211,08001,2022,1,26
212,11001,2022,1,26
213,11001,2022,1,26
214,47001,2022,1,26
215,13836,2022,1,26
216,08001,2022,1,26
217,11001,2022,1,26
218,44279,2022,1,26
219,68655,2022,1,26
220,11001,2022,1,26
221,08001,2022,1,26
222,11001,2022,1,26
223,47001,2022,1,26
224,08001,2022,1,26
225,76001,2022,1,26
226,11001,2022,1,26
227,44078,2022,1,26
228,44078,2022,1,26
229,13468,2022,1,26
230,08001,2022,1,26
231,08001,2022,1,26
232,08001,2022,1,26
233,05310,2022,1,26
234,47555,2022,1,26
235,47001,2022,1,26
236,08001,2022,1,26
237,13836,2022,1,26
238,11001,2022,1,26
239,41660,2022,1,26
240,47001,2022,1,26
241,54001,2022,1,26
242,47189,2022,1,26
243,70418,2022,1,26
244,70678,2022,1,26
245,05001,2022,1,26
246,11001,2022,1,26
247,76001,2022,1,26
248,47189,2022,1,26
249,08001,2022,1,26
250,47692,2022,1,26
251,17380,2022,1,26
252,11001,2022,1,26
253,08001,2022,1,26
254,63001,2022,1,26
255,73001,2022,1,26
256,41770,2022,1,26
257,08758,2022,1,26
258,25754,2022,1,26
259,11001,2022,1,26
260,11001,2022,1,26
261,47980,2022,1,26
262,76001,2022,1,26
263,47001,2022,1,26
264,76001,2022,1,26
265,08001,2022,1,26
266,05376,2022,1,26
267,05088,2022,1,26
268,11001,2022,1,26
269,76001,2022,1,26
270,11001,2022,1,26
271,08001,2022,1,26
272,08001,2022,1,26
273,08001,2022,1,26
274,13468,2022,1,26
275,20770,2022,1,26
276,08758,2021,1,26
277,11001,2021,1,26
278,11001,2021,2,26
279,11001,2021,1,26
280,11001,2021,2,26
281,08001,2021,1,26
282,11001,2021,1,26
283,25269,2021,1,26
284,41001,2021,1,26
285,76520,2021,1,26
286,20517,2021,1,26
287,52256,2021,1,26
288,11001,2021,1,26
289,08001,2021,1,26
290,08001,2021,1,26
291,25175,2021,1,26
292,05212,2021,1,26
293,08001,2021,1,26
294,41001,2021,1,26
295,47318,2021,1,26
296,08001,2021,1,26
297,54405,2021,1,26
298,08001,2021,1,26
299,11001,2021,1,26
300,25386,2021,1,26
301,76001,2021,1,26
302,44874,2021,1,26
303,08001,2021,1,26
304,20001,2021,1,26
305,47245,2021,1,26
306,11001,2021,1,26
307,44078,2021,1,26
308,47707,2021,1,26
309,68575,2021,1,26
310,94001,2021,1,26
311,11001,2021,1,26
312,05088,2021,1,26
313,20750,2021,1,26
314,08573,2021,1,26
315,47189,2021,1,26
316,08001,2021,1,26
317,44855,2021,1,26
318,47001,2021,1,26
319,08001,2021,1,26
320,44001,2021,1,26
321,76001,2021,1,26
322,08758,2021,1,26
323,11001,2021,1,26
324,70400,2021,1,26
325,05088,2021,1,26
326,08001,2021,1,26
327,11001,2021,1,26
328,11001,2021,1,26
329,11001,2021,1,26
330,11001,2021,1,26
331,20443,2021,1,26
332,11001,2021,1,26
333,11001,2021,1,26
334,11001,2021,1,26
335,47001,2021,1,26
336,11001,2021,1,26
337,11001,2021,1,26
338,76001,2021,1,26
339,54001,2021,1,26
340,11001,2021,1,26
341,76001,2021,1,26
342,11001,2021,1,26
343,47001,2021,1,26
344,76001,2021,1,26
345,76001,2021,1,26
346,76001,2021,1,26
347,70678,2021,1,26
348,76001,2021,1,26
349,11001,2021,1,26
350,76001,2021,1,26
351,76001,2021,1,26
352,76001,2021,1,26
353,76001,2021,1,26
354,18150,2021,1,26
355,11001,2021,1,26
356,73268,2021,1,26
357,47980,2021,1,26
358,08001,2021,1,26
359,05480,2021,1,26
360,11001,2021,1,26
361,70742,2021,1,26
362,76001,2021,1,26
363,47001,2021,1,26
364,11001,2021,1,26
365,11001,2021,1,26
366,11001,2021,1,26
367,11001,2021,1,26
368,11001,2021,1,26
369,17380,2021,1,26
370,76001,2021,1,26
371,63001,2021,1,26
372,11001,2021,1,26
373,11001,2021,1,26
374,11001,2021,1,26
375,11001,2021,2,26
376,63001,2021,1,26
377,20001,2021,1,26
378,76001,2021,1,26
379,11001,2021,1,26
380,11001,2021,1,26
381,25297,2021,1,26
382,05001,2021,1,26
383,11001,2021,1,26
384,15516,2021,1,26
385,11001,2020,1,26
386,11001,2020,1,26
387,76001,2020,1,26
388,05001,2020,1,26
389,68077,2020,1,26
390,11001,2020,1,26
391,11001,2020,1,26
392,76001,2020,1,26
393,11001,2020,1,26
394,15469,2020,1,26
395,70771,2020,1,26
396,11001,2020,1,26
397,11001,2020,1,26
398,52001,2020,1,26
399,05631,2020,1,26
400,11001,2020,1,26
401,05001,2020,1,26
402,05001,2020,1,26
403,11001,2020,1,26
404,88564,2020,1,26
405,11001,2020,1,26
406,11001,2020,1,26
407,68077,2020,1,26
408,76001,2020,1,26
409,11001,2020,1,26
410,08372,2020,1,26
411,11001,2020,1,26
412,11001,2020,1,26
413,52001,2020,1,26
414,68547,2020,1,26
415,05380,2020,1,26
416,11001,2020,1,26
417,05001,2020,1,26
418,11001,2020,1,26
419,11001,2020,1,26
420,66170,2020,1,26
421,11001,2020,1,26
422,13001,2020,1,26
423,63001,2020,1,26
424,11001,2020,1,26
425,76001,2020,1,26
426,76001,2020,1,26
427,76001,2020,1,26
428,76001,2020,1,26
429,11001,2020,1,26
430,11001,2020,1,26
431,11001,2020,1,26
432,08141,2020,1,26
433,05001,2020,1,26
434,73671,2020,1,26
435,41551,2020,1,26
436,76364,2020,1,26
437,13836,2020,1,26
438,08001,2020,1,26
439,11001,2020,1,26
440,11001,2020,1,26
441,05234,2020,1,26
442,11001,2020,1,26
443,11001,2020,1,26
444,11001,2020,1,26
445,11001,2020,1,26
446,11001,2020,1,26
447,11001,2020,1,26
448,66170,2020,1,26
449,11001,2020,1,26
450,05310,2020,1,26
451,66170,2020,1,26
452,70215,2020,1,26
453,11001,2020,1,26
454,05001,2020,1,26
455,11001,2020,1,26
456,11001,2020,1,26
457,11001,2020,1,26
458,76001,2020,1,26
459,05101,2020,1,26
460,11001,2020,1,26
461,70473,2020,1,26
462,76001,2020,1,26
463,25797,2020,1,26
464,66001,2020,1,26
465,11001,2020,1,26
466,11001,2020,1,26
467,11001,2020,1,26
468,11001,2020,1,26
469,08001,2020,1,26
470,54001,2020,1,26
471,76001,2020,1,26
472,76001,2020,1,26
473,11001,2020,1,26
474,76001,2020,1,26
475,52019,2020,1,26
476,05315,2020,1,26
477,13430,2020,1,26
478,11001,2020,1,26
479,11001,2020,1,26
480,76001,2020,1,26
481,11001,2020,1,26
482,11001,2019,1,26
483,11001,2019,1,26
484,11001,2019,1,26
485,11001,2019,1,26
486,76001,2019,1,26
487,19137,2019,1,26
488,19137,2019,1,26
489,11001,2019,1,26
490,11001,2019,1,26
491,11001,2019,1,26
492,11001,2019,1,26
493,11001,2019,1,26
494,47555,2019,1,26
495,11001,2019,1,26
496,52835,2019,1,26
497,11001,2019,1,26
498,11001,2019,1,26
499,76001,2019,1,26
500,19001,2019,1,26
501,70221,2019,1,26
502,76001,2019,1,26
503,76001,2019,1,26
504,47189,2019,1,26
505,44035,2019,1,26
506,05001,2019,1,26
507,11001,2019,1,26
508,76001,2019,1,26
509,44035,2019,1,26
510,70001,2019,1,26
511,05631,2019,1,26
512,11001,2019,1,26
513,52835,2019,1,26
514,76892,2019,1,26
515,76001,2019,1,26
516,08001,2019,1,26
517,11001,2019,1,26
518,05001,2019,1,26
519,23660,2019,1,26
520,11001,2019,1,26
521,76001,2019,1,26
522,05480,2019,1,26
523,05001,2019,1,26
524,19142,2019,1,26
525,11001,2019,1,26
526,11001,2019,1,26
527,08001,2019,1,26
528,08758,2019,1,26
529,11001,2019,1,26
530,08001,2019,1,26
531,08001,2019,1,26
532,68001,2019,1,26
533,70001,2019,1,26
534,76001,2019,1,26
535,11001,2019,1,26
536,76001,2019,1,26
537,08001,2019,1,26
538,11001,2019,1,26
539,44279,2019,1,26
540,47001,2019,1,26
541,13657,2019,1,26
542,25269,2019,1,26
543,76001,2019,1,26
544,08758,2019,1,26
545,44035,2019,1,26
546,11001,2019,1,26
547,11001,2019,1,26
548,41551,2019,1,26
549,76001,2019,1,26
550,88001,2019,1,26
551,70742,2019,1,26
552,11001,2019,1,26
553,08141,2019,1,26
554,73001,2019,1,26
555,11001,2019,1,26
556,08001,2019,1,26
557,11001,2019,1,26
558,15001,2019,1,26
559,11001,2019,1,26
560,11001,2019,1,26
561,11001,2019,1,26
562,70001,2019,1,26
563,76001,2019,1,26
564,11001,2019,1,26
565,76001,2019,1,26
566,05266,2019,1,26
567,11001,2019,1,26
568,11001,2019,1,26
569,11001,2019,1,26
570,76001,2019,1,26
571,76001,2019,1,26
572,11001,2019,1,26
573,11001,2019,1,26
574,11001,2019,1,26
575,11001,2019,1,26
576,13001,2019,1,26
577,11001,2019,1,26
578,25290,2019,1,26
579,50370,2019,1,26
580,11001,2019,1,26
581,11001,2019,1,26
582,11001,2019,1,26
583,05001,2019,1,26
584,66170,2019,1,26
585,70001,2019,1,26
586,27001,2019,1,26
587,52835,2019,1,26
588,08436,2019,1,26
589,23162,2019,1,26
590,76364,2019,1,26
591,11001,2019,1,26
592,11001,2019,1,26
593,68081,2019,1,26
594,08001,2019,1,26
595,11001,2019,1,26
596,41001,2019,1,26
597,11001,2019,1,26
598,70508,2019,1,26
599,20443,2019,1,26
600,76001,2019,1,26
601,13001,2019,1,26
602,05001,2019,1,26
603,25785,2019,1,26
604,11001,2019,1,26
605,05001,2019,1,26
606,76001,2019,1,26
607,11001,2019,1,26
608,11001,2019,1,26
609,11001,2019,1,26
610,17001,2019,1,26
611,76130,2019,1,26
612,23001,2019,1,26
613,11001,2019,1,26
614,11001,2019,1,26
615,11001,2019,1,26
616,11001,2019,1,26
617,11001,2019,1,26
618,25297,2019,1,26
619,05642,2019,1,26
620,05001,2019,1,26
621,76001,2019,1,26
622,11001,2019,1,26
623,05308,2018,1,26
624,13001,2018,1,26
625,76001,2018,1,26
626,76001,2018,1,26
627,13001,2018,1,26
628,76001,2018,1,26
629,05579,2018,1,26
630,11001,2018,1,26
631,41001,2018,1,26
632,25386,2018,1,26
633,41001,2018,1,26
634,11001,2018,1,26
635,95001,2018,1,26
636,05001,2018,1,26
637,41001,2018,1,26
638,13001,2018,1,26
639,11001,2018,1,26
640,11001,2018,1,26
641,76001,2018,1,26
642,54001,2018,1,26
643,11001,2018,1,26
644,70670,2018,1,26
645,41359,2018,1,26
646,08758,2018,1,26
647,11001,2018,1,26
648,52356,2018,1,26
649,44650,2018,1,26
650,23464,2018,1,26
651,54001,2018,1,26
652,05001,2018,1,26
653,50001,2018,1,26
654,05266,2018,1,26
655,11001,2018,1,26
656,11001,2018,1,26
657,05001,2018,1,26
658,08001,2018,1,26
659,08141,2018,1,26
660,11001,2018,1,26
661,08001,2018,1,26
662,08001,2018,1,26
663,05001,2018,1,26
664,20621,2018,1,26
665,11001,2018,1,26
666,11001,2018,1,26
667,08001,2018,1,26
668,08001,2018,1,26
669,05001,2018,1,26
670,76001,2018,1,26
671,54001,2018,1,26
672,25817,2018,1,26
673,08001,2018,1,26
674,11001,2018,1,26
675,23162,2018,1,26
676,11001,2018,1,26
677,20011,2018,1,26
678,23001,2018,1,26
679,05001,2018,1,26
680,11001,2018,1,26
681,41001,2018,1,26
682,76001,2018,1,26
683,11001,2018,1,26
684,47745,2018,1,26
685,70742,2018,1,26
686,70001,2018,1,26
687,05001,2018,1,26
688,11001,2018,1,26
689,23555,2018,1,26
690,08758,2018,1,26
691,11001,2018,1,26
692,11001,2018,1,26
693,73001,2018,1,26
694,70418,2018,1,26
695,27361,2018,1,26
696,05001,2018,1,26
697,08001,2018,1,26
698,11001,2018,1,26
699,08001,2018,1,26
700,66682,2018,1,26
701,05001,2018,1,26
702,08758,2018,1,26
703,05001,2018,1,26
704,08001,2018,1,26
705,05001,2018,1,26
706,11001,2018,1,26
707,50001,2018,1,26
708,05101,2018,1,26
709,11001,2018,1,26
710,66088,2018,1,26
711,11001,2018,1,26
712,13001,2018,1,26
713,41001,2018,1,26
714,05656,2018,1,26
715,11001,2018,1,26
716,11001,2018,1,26
717,23419,2018,1,26
718,05321,2018,1,26
719,86568,2018,1,26
720,05266,2018,1,26
721,11001,2018,1,26
722,11001,2018,1,26
723,54800,2018,1,26
724,11001,2018,1,26
725,13670,2018,1,26
726,11001,2018,1,26
727,08001,2018,1,26
728,23555,2018,1,26
729,11001,2018,1,26
730,76001,2018,1,26
731,11001,2018,1,26
732,11001,2018,1,26
733,54001,2018,1,26
734,20001,2018,1,26
735,76001,2018,1,26
736,05001,2018,1,26
737,23417,2018,1,26
738,05001,2018,1,26
739,08001,2018,1,26
740,25754,2018,1,26
741,66001,2018,1,26
742,08001,2018,1,26
743,25612,2018,1,26
744,05001,2018,1,26
745,11001,2018,1,26
746,11001,2018,1,26
747,76147,2018,1,26
748,25175,2018,1,26
749,15001,2018,1,26
750,11001,2018,1,26
751,23672,2018,1,26
752,76001,2018,1,26
753,68575,2018,1,26
754,05088,2018,1,26
755,68081,2018,1,26
756,05001,2018,1,26
757,11001,2018,1,26
758,68307,2018,1,26
759,08001,2018,1,26
760,11001,2018,1,26
761,05001,2018,1,26
762,11001,2018,1,26
763,68276,2018,1,26
764,68081,2018,1,26
765,76001,2018,1,26
766,68081,2018,1,26
767,76001,2018,1,26
768,05001,2018,1,26
769,05001,2018,1,26
770,63001,2018,1,26
771,08001,2018,1,26
772,25307,2018,1,26
773,11001,2018,1,26
774,54206,2018,1,26
775,11001,2018,1,26
776,05360,2018,1,26
777,19001,2018,1,26
778,08001,2018,1,26
779,11001,2018,1,26
780,44078,2018,1,26
781,66001,2018,1,26
782,11001,2018,1,26
783,11001,2018,1,26
784,05001,2018,1,26
785,11001,2018,1,26
786,05001,2018,1,26
787,11001,2018,1,26
788,11001,2018,1,26
789,11001,2018,1,26
790,23001,2018,1,26
791,76001,2018,1,26
792,41001,2018,1,26
793,11001,2018,1,26
794,54001,2018,1,26
795,70418,2018,1,26
796,11001,2018,1,26
797,05148,2018,1,26
798,11001,2018,1,26
799,25175,2018,1,26
800,05380,2018,1,26
801,68081,2018,1,26
802,05001,2018,1,26
803,11001,2018,1,26
804,73443,2018,1,26
805,05001,2018,1,26
806,08634,2018,1,26
807,23686,2018,1,26
808,11001,2018,1,26
809,25307,2018,1,26
810,11001,2018,1,26
811,25754,2018,1,26
812,11001,2018,1,26
813,11001,2018,1,26
814,11001,2018,1,26
815,05001,2017,1,26
816,20621,2017,1,26
817,76001,2017,1,26
818,13001,2017,1,26
819,11001,2017,1,26
820,11001,2017,1,26
821,11001,2017,1,26
822,11001,2017,1,26
823,11001,2017,1,26
824,11001,2017,1,26
825,54001,2017,1,26
826,08001,2017,1,26
827,19698,2017,1,26
828,11001,2017,1,26
829,11001,2017,1,26
830,11001,2017,1,26
831,73349,2017,1,26
832,05001,2017,1,26
833,13001,2017,1,26
834,13001,2017,1,26
835,11001,2017,1,26
836,54239,2017,1,26
837,20001,2017,1,26
838,47001,2017,1,26
839,08573,2017,1,26
840,11001,2017,1,26
841,08001,2017,1,26
842,08001,2017,1,26
843,68081,2017,1,26
844,76001,2017,1,26
845,73001,2017,1,26
846,05400,2017,1,26
847,13657,2017,1,26
848,17001,2017,1,26
849,11001,2017,1,26
850,68547,2017,1,26
851,13052,2017,1,26
852,11001,2017,1,26
853,05001,2017,1,26
854,11001,2017,1,26
855,11001,2017,1,26
856,11001,2017,1,26
857,11001,2017,1,26
858,11001,2017,1,26
859,25386,2017,1,26
860,13001,2017,1,26
861,13001,2017,1,26
862,20011,2017,1,26
863,08001,2017,1,26
864,68001,2017,1,26
865,70708,2017,1,26
866,11001,2017,1,26
867,44279,2017,1,26
868,08001,2017,1,26
869,23001,2017,1,26
870,44001,2017,1,26
871,11001,2017,1,26
872,25754,2017,1,26
873,11001,2017,1,26
874,08001,2017,1,26
875,11001,2017,1,26
876,11001,2017,1,26
877,68001,2017,1,26
878,11001,2017,1,26
879,11001,2017,1,26
880,11001,2017,1,26
881,25754,2017,1,26
882,08573,2017,1,26
883,11001,2017,1,26
884,68276,2017,1,26
885,08758,2017,1,26
886,23417,2017,1,26
887,11001,2017,1,26
888,54001,2017,1,26
889,08001,2017,1,26
890,11001,2017,1,26
891,11001,2017,1,26
892,11001,2017,1,26
893,76001,2017,1,26
894,44001,2017,1,26
895,08296,2017,1,26
896,11001,2017,1,26
897,05001,2017,1,26
898,11001,2017,1,26
899,13001,2017,1,26
900,73001,2017,1,26
901,20001,2017,1,26
902,08606,2017,1,26
903,13836,2017,1,26
904,25754,2017,1,26
905,19142,2017,1,26
906,11001,2017,1,26
907,11001,2017,1,26
908,23182,2017,1,26
909,70124,2017,1,26
910,25307,2017,1,26
911,20001,2017,1,26
912,25612,2017,1,26
913,70473,2017,1,26
914,11001,2017,1,26
915,23001,2017,1,26
916,47001,2017,1,26
917,05001,2017,1,26
918,73001,2017,1,26
919,23417,2017,1,26
920,23417,2017,1,26
921,23417,2017,1,26
922,15572,2017,1,26
923,11001,2017,1,26
924,25307,2017,1,26
925,05360,2017,1,26
926,13001,2017,1,26
927,68001,2017,1,26
928,05001,2017,1,26
929,73001,2017,1,26
930,11001,2017,1,26
931,08296,2017,1,26
932,47189,2017,1,26
933,54001,2017,1,26
934,44001,2017,1,26
935,76001,2017,1,26
936,11001,2017,1,26
937,68001,2017,1,26
938,11001,2017,1,26
939,70670,2017,1,26
940,05001,2017,1,26
941,08001,2017,1,26
942,76001,2017,1,26
943,68081,2017,1,26
944,05001,2017,1,26
945,70820,2017,1,26
946,08758,2017,1,26
947,20011,2017,1,26
948,13052,2017,1,26
949,05001,2017,1,26
950,25175,2017,1,26
951,13836,2017,1,26
952,54206,2017,1,26
953,70001,2017,1,26
954,68081,2017,1,26
955,68081,2017,1,26
956,47001,2017,1,26
957,73001,2017,1,26
958,63001,2017,1,26
959,76001,2017,1,26
960,11001,2017,1,26
961,76895,2017,1,26
962,11001,2017,1,26
963,19001,2017,1,26
964,54001,2017,1,26
965,68001,2017,1,26
966,05756,2017,1,26
967,11001,2017,1,26
968,11001,2017,1,26
969,11001,2017,1,26
970,05001,2017,1,26
971,11001,2017,1,26
972,05400,2017,1,26
973,23660,2017,1,26
974,76001,2017,1,26
975,05001,2017,1,26
976,73443,2017,1,26
977,05686,2017,1,26
978,11001,2016,1,26
979,11001,2016,1,26
980,05001,2016,1,26
981,11001,2016,1,26
982,54001,2016,1,26
983,66682,2016,1,26
984,17001,2016,1,26
985,05656,2016,1,26
986,11001,2016,1,26
987,08001,2016,1,26
988,05001,2016,1,26
989,68001,2016,1,26
990,05001,2016,1,26
991,05001,2016,1,26
992,20011,2016,1,26
993,11001,2016,1,26
994,73001,2016,1,26
995,05615,2016,1,26
996,05266,2016,1,26
997,85001,2016,1,26
998,76001,2016,1,26
999,11001,2016,1,26
1000,05266,2016,1,26
1001,25307,2016,1,26
1002,13001,2016,1,26
1003,47555,2016,1,26
1004,11001,2016,1,26
1005,66001,2016,1,26
1006,05154,2016,1,26
1007,68001,2016,1,26
1008,05129,2016,1,26
1009,86885,2016,1,26
1010,50006,2016,1,26
1011,73555,2016,1,26
1012,15572,2016,1,26
1013,08001,2016,1,26
1014,08001,2016,1,26
1015,20400,2016,1,26
1016,08001,2016,1,26
1017,05001,2016,1,26
1018,68001,2016,1,26
1019,08638,2016,1,26
1020,08001,2016,1,26
1021,05266,2016,1,26
1022,13001,2016,1,26
1023,11001,2016,1,26
1024,05001,2016,1,26
1025,05154,2016,1,26
1026,11001,2016,1,26
1027,11001,2016,1,26
1028,68081,2016,1,26
1029,68081,2016,1,26
1030,05088,2016,1,26
1031,11001,2016,1,26
1032,05001,2016,1,26
1033,70001,2016,1,26
1034,13001,2016,1,26
1035,11001,2016,1,26
1036,13001,2016,1,26
1037,73443,2016,1,26
1038,08001,2016,1,26
1039,05001,2016,1,26
1040,11001,2016,1,26
1041,44035,2016,1,26
1042,05001,2016,1,26
1043,54001,2016,1,26
1044,23580,2016,1,26
1045,11001,2016,1,26
1046,05001,2016,1,26
1047,44001,2016,1,26
1048,08001,2016,1,26
1049,05088,2016,1,26
1050,08758,2016,1,26
1051,08001,2016,1,26
1052,05001,2016,1,26
1053,08001,2016,1,26
1054,13001,2016,1,26
1055,05042,2016,1,26
1056,47001,2016,1,26
1057,54001,2016,1,26
1058,11001,2016,1,26
1059,11001,2016,1,26
1060,20013,2016,1,26
1061,11001,2016,1,26
1062,05001,2016,1,26
1063,08001,2016,1,26
1064,05001,2016,1,26
1065,05001,2016,1,26
1066,05154,2016,1,26
1067,08758,2016,1,26
1068,68081,2016,1,26
1069,11001,2016,1,26
1070,05001,2016,1,26
1071,11001,2016,1,26
1072,54001,2016,1,26
1073,05088,2016,1,26
1074,70508,2016,1,26
1075,05001,2016,1,26
1076,41001,2016,1,26
1077,05088,2016,1,26
1078,11001,2016,1,26
1079,08433,2016,1,26
1080,20013,2016,1,26
1081,08001,2016,1,26
1082,44001,2016,1,26
1083,11001,2016,1,26
1084,05088,2016,1,26
1085,47555,2016,1,26
1086,11001,2016,1,26
1087,11001,2016,1,26
1088,05001,2016,1,26
1089,08758,2016,1,26
1090,11001,2016,1,26
1091,47001,2016,1,26
1092,13001,2016,1,26
1093,15804,2016,1,26
1094,11001,2016,1,26
1095,54206,2016,1,26
1096,68001,2016,1,26
1097,05088,2016,1,26
1098,11001,2016,1,26
1099,25745,2016,1,26
1100,11001,2016,1,26
1101,11001,2016,1,26
1102,47001,2016,1,26
1103,11001,2016,1,26
1104,25326,2016,1,26
1105,66001,2016,1,26
1106,20001,2015,1,26
1107,05380,2015,1,26
1108,08433,2015,1,26
1109,11001,2015,1,26
1110,11001,2015,1,26
1111,11001,2015,1,26
1112,05001,2015,1,26
1113,05042,2015,1,26
1114,11001,2015,1,26
1115,25377,2015,1,26
1116,05031,2015,1,26
1117,13001,2015,1,26
1118,47001,2015,1,26
1119,11001,2015,1,26
1120,05001,2015,1,26
1121,20011,2015,1,26
1122,11001,2015,1,26
1123,76001,2015,1,26
1124,11001,2015,1,26
1125,11001,2015,1,26
1126,11001,2015,1,26
1127,05001,2015,1,26
1128,47288,2015,1,26
1129,66001,2015,1,26
1130,05088,2015,1,26
1131,25290,2015,1,26
1132,25754,2015,1,26
1133,11001,2015,1,26
1134,11001,2015,1,26
1135,76001,2015,1,26
1136,11001,2015,1,26
1137,05129,2015,1,26
1138,50001,2015,1,26
1139,11001,2015,1,26
1140,11001,2015,1,26
1141,11001,2015,1,26
1142,05380,2015,1,26
1143,05129,2015,1,26
1144,44001,2015,1,26
1145,05282,2015,1,26
1146,11001,2015,1,26
1147,66001,2015,1,26
1148,76001,2015,1,26
1149,11001,2015,1,26
1150,11001,2015,1,26
1151,20011,2015,1,26
1152,11001,2015,1,26
1153,05001,2015,1,26
1154,11001,2015,1,26
1155,47161,2015,1,26
1156,66170,2015,1,26
1157,05001,2015,1,26
1158,05001,2015,1,26
1159,76364,2015,1,26
1160,76001,2015,1,26
1161,11001,2015,1,26
1162,05101,2015,1,26
1163,11001,2015,1,26
1164,23189,2015,1,26
1165,11001,2015,1,26
1166,11001,2015,1,26
1167,11001,2015,1,26
1168,11001,2015,1,26
1169,11001,2015,1,26
1170,70235,2015,1,26
1171,50006,2015,1,26
1172,11001,2015,1,26
1173,11001,2015,1,26
1174,68081,2015,1,26
1175,20001,2015,1,26
1176,76001,2015,1,26
1177,91001,2015,1,26
1178,05001,2015,1,26
1179,76001,2015,1,26
1180,50318,2015,1,26
1181,11001,2015,1,26
1182,08001,2015,1,26
1183,20178,2015,1,26
1184,44001,2015,1,26
1185,11001,2015,1,26
1186,11001,2015,1,26
1187,08573,2015,1,26
1188,11001,2015,1,26
1189,11001,2015,1,26
1190,66001,2015,1,26
1191,05001,2015,1,26
1192,66001,2015,1,26
1193,76001,2015,1,26
1194,76001,2015,1,26
1195,05541,2015,1,26
1196,66170,2015,1,26
1197,76001,2015,1,26
1198,76001,2015,1,26
1199,23417,2015,1,26
1200,68001,2015,1,26
1201,11001,2015,1,26
1202,70820,2015,1,26
1203,11001,2015,1,26
1204,68001,2015,1,26
1205,05541,2015,1,26
1206,11001,2015,1,26
1207,11001,2015,1,26
1208,08001,2015,1,26
1209,50001,2015,1,26
1210,11001,2015,1,26
1211,11001,2015,1,26
1212,11001,2015,1,26
1213,11001,2015,1,26
1214,08001,2015,1,26
1215,11001,2015,1,26
1216,47001,2015,1,26
1217,13001,2015,1,26
1218,76001,2015,1,26
1219,20228,2015,1,26
1220,19418,2015,1,26
1221,05212,2015,1,26
1222,76892,2015,1,26
1223,05001,2015,1,26
1224,47170,2015,1,26
1225,11001,2015,1,26
1226,05615,2014,1,26
1227,15572,2014,1,26
1228,23807,2014,1,26
1229,76670,2014,1,26
1230,05172,2014,1,26
1231,08573,2014,1,26
1232,85440,2014,1,26
1233,50006,2014,1,26
1234,25035,2014,1,26
1235,11001,2014,1,26
1236,05001,2014,1,26
1237,05400,2014,1,26
1238,05001,2014,1,26
1239,52001,2014,1,26
1240,05001,2014,1,26
1241,47707,2014,1,26
1242,23670,2014,1,26
1243,11001,2014,1,26
1244,70418,2014,1,26
1245,11001,2014,1,26
1246,11001,2014,1,26
1247,11001,2014,1,26
1248,11001,2014,1,26
1249,13001,2014,1,26
1250,50568,2014,1,26
1251,15001,2014,1,26
1252,05212,2014,1,26
1253,08758,2014,1,26
1254,41001,2014,1,26
1255,50006,2014,1,26
1256,11001,2014,1,26
1257,11001,2014,1,26
1258,11001,2014,1,26
1259,68001,2014,1,26
1260,11001,2014,1,26
1261,47707,2014,1,26
1262,50001,2014,1,26
1263,73001,2014,1,26
1264,11001,2014,1,26
1265,11001,2014,1,26
1266,85440,2014,1,26
1267,13140,2014,1,26
1268,68001,2014,1,26
1269,13001,2014,1,26
1270,63401,2014,1,26
1271,11001,2014,1,26
1272,08001,2014,1,26
1273,08573,2014,1,26
1274,50006,2014,1,26
1275,76001,2014,1,26
1276,76122,2014,1,26
1277,41349,2014,1,26
1278,08001,2014,1,26
1279,08001,2014,1,26
1280,08001,2014,1,26
1281,11001,2014,1,26
1282,11001,2014,1,26
1283,11001,2014,1,26
1284,08001,2014,1,26
1285,05001,2014,1,26
1286,19142,2014,1,26
1287,08001,2014,1,26
1288,76001,2014,1,26
1289,85440,2014,1,26
1290,11001,2014,1,26
1291,11001,2014,1,26
1292,11001,2014,1,26
1293,50001,2014,1,26
1294,11001,2014,1,26
1295,11001,2014,1,26
1296,08001,2014,1,26
1297,41872,2014,1,26
1298,08001,2014,1,26
1299,11001,2014,1,26
1300,11001,2014,1,26
1301,66001,2014,1,26
1302,23660,2014,1,26
1303,11001,2014,1,26
1304,08001,2014,1,26
1305,25290,2014,1,26
1306,11001,2014,1,26
1307,13001,2014,1,26
1308,11001,2014,1,26
1309,11001,2014,1,26
1310,85250,2014,1,26
1311,08001,2014,1,26
1312,11001,2014,1,26
1313,11001,2014,1,26
1314,11001,2014,1,26
1315,11001,2014,1,26
1316,76001,2014,1,26
1317,08001,2014,1,26
1318,11001,2014,1,26
1319,66001,2014,1,26
1320,08001,2014,1,26
1321,20238,2014,1,26
1322,11001,2014,1,26
1323,11001,2014,1,26
1324,20001,2014,1,26
1325,11001,2014,1,26
1326,11001,2014,1,26
1327,13001,2014,1,26
1328,11001,2014,1,26
1329,11001,2014,1,26
1330,11001,2014,1,26
1331,76001,2014,1,26
1332,11001,2014,1,26
1333,11001,2014,1,26
1334,91001,2013,1,26
1335,05001,2013,1,26
1336,11001,2013,1,26
1337,11001,2013,1,26
1338,11001,2013,1,26
1339,20750,2013,1,26
1340,76364,2013,1,26
1341,05001,2013,1,26
1342,08078,2013,1,26
1343,11001,2013,1,26
1344,08001,2013,1,26
1345,05001,2013,1,26
1346,76001,2013,1,26
1347,11001,2013,1,26
1348,08001,2013,1,26
1349,08001,2013,1,26
1350,11001,2013,1,26
1351,23001,2013,1,26
1352,05001,2013,1,26
1353,08296,2013,1,26
1354,47288,2013,1,26
1355,70001,2013,1,26
1356,11001,2013,1,26
1357,08573,2013,1,26
1358,08141,2013,1,26
1359,47001,2013,1,26
1360,08001,2013,1,26
1361,11001,2013,1,26
1362,50001,2013,1,26
1363,08433,2013,1,26
1364,47001,2013,1,26
1365,08758,2013,1,26
1366,54206,2013,1,26
1367,11001,2013,1,26
1368,08001,2013,1,26
1369,13001,2013,1,26
1370,41001,2013,1,26
1371,11001,2013,1,26
1372,05001,2013,1,26
1373,41001,2013,1,26
1374,05002,2013,1,26
1375,05001,2013,1,26
1376,13654,2013,1,26
1377,54418,2013,1,26
1378,05001,2013,1,26
1379,05001,2013,1,26
1380,05088,2013,1,26
1381,08372,2013,1,26
1382,23555,2013,1,26
1383,08001,2013,1,26
1384,05001,2013,1,26
1385,05001,2013,1,26
1386,05360,2013,1,26
1387,05001,2013,1,26
1388,41001,2013,1,26
1389,05266,2013,1,26
1390,68406,2013,1,26
1391,05001,2013,1,26
1392,41001,2013,1,26
1393,05088,2013,1,26
1394,05001,2013,1,26
1395,47660,2013,1,26
1396,05001,2013,1,26
1397,52356,2013,1,26
1398,08001,2013,1,26
1399,11001,2013,1,26
1400,05615,2013,1,26
1401,11001,2013,1,26
1402,05001,2013,1,26
1403,47001,2013,1,26
1404,76520,2013,1,26
1405,05266,2013,1,26
1406,05001,2013,1,26
1407,11001,2013,1,26
1408,20175,2013,1,26
1409,76001,2013,1,26
1410,05001,2013,1,26
1411,11001,2013,1,26
1412,11001,2013,1,26
1413,05001,2013,1,26
1414,05001,2013,1,26
1415,05001,2013,1,26
1416,47288,2013,1,26
1417,47001,2013,1,26
1418,05001,2013,1,26
1419,76130,2013,1,26
1420,05001,2013,1,26
1421,05001,2013,1,26
1422,23079,2013,1,26
1423,05001,2013,1,26
1424,08001,2012,1,26
1425,41551,2012,1,26
1426,05001,2012,1,26
1427,05001,2012,1,26
1428,05001,2012,1,26
1429,47001,2012,1,26
1430,70717,2012,1,26
1431,08001,2012,1,26
1432,08001,2012,1,26
1433,08606,2012,1,26
1434,05631,2012,1,26
1435,11001,2012,1,26
1436,47555,2012,1,26
1437,76001,2012,1,26
1438,08001,2012,1,26
1439,08001,2012,1,26
1440,11001,2012,1,26
1441,11001,2012,1,26
1442,11001,2012,1,26
1443,76001,2012,1,26
1444,11001,2012,1,26
1445,08001,2012,1,26
1446,50573,2012,1,26
1447,47001,2012,1,26
1448,47288,2012,1,26
1449,08436,2012,1,26
1450,47288,2012,1,26
1451,11001,2012,1,26
1452,05001,2012,1,26
1453,08001,2012,1,26
1454,11001,2012,1,26
1455,47001,2012,1,26
1456,47001,2012,1,26
1457,05237,2012,1,26
1458,50001,2012,1,26
1459,11001,2012,1,26
1460,47001,2012,1,26
1461,08001,2012,1,26
1462,11001,2012,1,26
1463,11001,2012,1,26
1464,50001,2012,1,26
1465,11001,2012,1,26
1466,05001,2012,1,26
1467,11001,2012,1,26
1468,11001,2012,1,26
1469,11001,2012,1,26
1470,08001,2012,1,26
1471,08001,2012,1,26
1472,73001,2012,1,26
1473,05001,2012,1,26
1474,47189,2012,1,26
1475,68001,2012,1,26
1476,19418,2012,1,26
1477,08001,2012,1,26
1478,08001,2012,1,26
1479,76001,2012,1,26
1480,11001,2012,1,26
1481,11001,2012,1,26
1482,19142,2012,1,26
1483,11001,2012,1,26
1484,08001,2012,1,26
1485,11001,2012,1,26
1486,11001,2012,1,26
1487,05001,2012,1,26
1488,47001,2012,1,26
1489,11001,2012,1,26
1490,11001,2012,1,26
1491,11001,2012,1,26
1492,11001,2012,1,26
1493,11001,2012,1,26
1494,05861,2012,1,26
1495,47001,2012,1,26
1496,11001,2012,1,26
1497,11001,2012,1,26
1498,08001,2012,1,26
1499,13001,2012,1,26
1500,11001,2012,1,26
1501,20517,2012,1,26
1502,11001,2012,1,26
1503,11001,2012,1,26
1504,11001,2012,1,26
1505,05631,2012,1,26
1506,20013,2012,1,26
1507,08573,2012,1,26
1508,20238,2012,1,26
1509,76001,2012,1,26
1510,11001,2012,1,26
1511,76001,2012,1,26
1512,76001,2012,1,26
1513,05001,2012,1,26
1514,11001,2012,1,26
1515,05001,2012,1,26
1516,11001,2012,1,26
1517,05129,2012,2,26
1518,13001,2012,1,26
1519,11001,2012,1,26
1520,11001,2012,1,26
1521,11001,2012,1,26
1522,11001,2012,1,26
1523,05001,2012,1,26
1524,11001,2012,1,26
1525,08001,2012,1,26
1526,73001,2011,1,26
1527,70708,2011,1,26
1528,76520,2011,1,26
1529,08001,2011,1,26
1530,11001,2011,1,26
1531,17088,2011,1,26
1532,05001,2011,1,26
1533,13001,2011,1,26
1534,05266,2011,1,26
1535,11001,2011,1,26
1536,08001,2011,1,26
1537,05001,2011,1,26
1538,76111,2011,1,26
1539,44430,2011,1,26
1540,11001,2011,1,26
1541,11001,2011,1,26
1542,11001,2011,1,26
1543,76275,2011,1,26
1544,11001,2011,1,26
1545,11001,2011,1,26
1546,05266,2011,1,26
1547,08001,2011,1,26
1548,11001,2011,1,26
1549,05001,2011,1,26
1550,76001,2011,1,26
1551,08001,2011,1,26
1552,05360,2011,1,26
1553,11001,2011,1,26
1554,47053,2011,1,26
1555,11001,2011,1,26
1556,11001,2011,1,26
1557,11001,2011,1,26
1558,11001,2011,1,26
1559,11001,2011,1,26
1560,05360,2011,1,26
1561,76001,2011,1,26
1562,08001,2011,1,26
1563,08001,2011,1,26
1564,11001,2011,1,26
1565,05001,2011,1,26
1566,11001,2011,1,26
1567,05001,2011,1,26
1568,11001,2011,1,26
1569,76834,2011,1,26
1570,15759,2011,1,26
1571,11001,2011,1,26
1572,76001,2011,1,26
1573,13140,2011,1,26
1574,11001,2011,1,26
1575,11001,2011,1,26
1576,11001,2011,1,26
1577,11001,2011,1,26
1578,17001,2011,1,26
1579,11001,2011,1,26
1580,11001,2011,1,26
1581,47001,2011,1,26
1582,44001,2011,1,26
1583,11001,2011,1,26
1584,11001,2011,1,26
1585,19001,2011,1,26
1586,11001,2011,1,26
1587,15516,2011,1,26
1588,76001,2011,1,26
1589,05001,2011,1,26
1590,11001,2011,1,26
1591,11001,2011,1,26
1592,76892,2011,1,26
1593,11001,2011,1,26
1594,11001,2011,1,26
1595,76001,2011,1,26
1596,11001,2011,1,26
1597,11001,2011,1,26
1598,11001,2011,1,26
1599,05001,2011,1,26
1600,11001,2011,1,26
1601,50150,2011,1,26
1602,76111,2011,1,26
1603,50006,2011,1,26
1604,11001,2011,1,26
1605,52356,2011,1,26
1606,11001,2011,1,26
1607,11001,2011,1,26
1608,11001,2011,1,26
1609,11001,2011,1,26
1610,47555,2011,1,26
1611,11001,2011,1,26
1612,05001,2011,1,26
1613,76001,2011,1,26
1614,05360,2011,1,26
1615,11001,2011,1,26
1616,11001,2011,1,26
1617,08001,2011,1,26
1618,19585,2011,1,26
1619,11001,2011,1,26
1620,11001,2011,1,26
1621,11001,2011,1,26
1622,08758,2011,1,26
1623,08001,2011,1,26
1624,11001,2011,1,26
1625,76001,2011,1,26
1626,08001,2011,1,26
1627,76001,2011,1,26
1628,11001,2011,1,26
1629,41020,2011,1,26
1630,11001,2011,1,26
1631,76001,2011,1,26
1632,11001,2011,1,26
1633,11001,2011,1,26
1634,11001,2011,1,26
1635,08001,2011,1,26
1636,11001,2010,1,26
1637,05001,2010,1,26
1638,76001,2010,1,26
1639,19256,2010,1,26
1640,11001,2010,1,26
1641,68081,2010,1,26
1642,05001,2010,1,26
1643,13001,2010,1,26
1644,11001,2010,1,26
1645,47189,2010,1,26
1646,11001,2010,1,26
1647,08078,2010,1,26
1648,05390,2010,1,26
1649,44279,2010,1,26
1650,05129,2010,1,26
1651,11001,2010,1,26
1652,50001,2010,1,26
1653,20001,2010,1,26
1654,11001,2010,1,26
1655,11001,2010,1,26
1656,11001,2010,1,26
1657,20001,2010,1,26
1658,47555,2010,1,26
1659,11001,2010,1,26
1660,11001,2010,1,26
1661,11001,2010,1,26
1662,52001,2010,1,26
1663,50313,2010,1,26
1664,08001,2010,1,26
1665,05615,2010,1,26
1666,11001,2010,1,26
1667,11001,2010,1,26
1668,11001,2010,1,26
1669,76001,2010,1,26
1670,76001,2010,1,26
1671,76001,2010,1,26
1672,11001,2010,1,26
1673,11001,2010,1,26
1674,11001,2010,1,26
1675,08001,2010,1,26
1676,11001,2010,1,26
1677,11001,2010,1,26
1678,50001,2010,1,26
1679,63001,2010,1,26
1680,11001,2010,1,26
1681,44001,2010,1,26
1682,20001,2010,1,26
1683,15176,2010,1,26
1684,05579,2010,1,26
1685,11001,2010,1,26
1686,25843,2010,1,26
1687,05212,2010,1,26
1688,11001,2010,1,26
1689,11001,2010,1,26
1690,11001,2010,1,26
1691,41306,2010,1,26
1692,47001,2010,1,26
1693,08001,2010,1,26
1694,05001,2010,1,26
1695,11001,2010,1,26
1696,08001,2010,1,26
1697,44855,2010,1,26
1698,08372,2010,1,26
1699,85430,2010,1,26
1700,23162,2010,1,26
1701,68001,2010,1,26
1702,11001,2010,1,26
1703,11001,2010,1,26
1704,15776,2010,1,26
1705,44855,2009,1,26
1706,11001,2009,1,26
1707,08001,2009,1,26
1708,08001,2009,1,26
1709,73283,2009,1,26
1710,85440,2009,1,26
1711,05001,2009,1,26
1712,11001,2009,1,26
1713,13052,2009,1,26
1714,08001,2009,1,26
1715,76020,2009,1,26
1716,11001,2009,1,26
1717,08001,2009,1,26
1718,68001,2009,1,26
1719,11001,2009,1,26
1720,05001,2009,1,26
1721,73001,2009,1,26
1722,05360,2009,1,26
1723,05001,2009,1,26
1724,19001,2009,1,26
1725,08001,2009,1,26
1726,76001,2009,1,26
1727,25839,2009,1,26
1728,73268,2009,1,26
1729,23162,2009,1,26
1730,76001,2009,1,26
1731,05088,2009,1,26
1732,05001,2009,1,26
1733,68001,2009,1,26
1734,76248,2009,1,26
1735,76001,2009,1,26
1736,05400,2009,1,26
1737,05604,2009,1,26
1738,11001,2009,1,26
1739,11001,2009,1,26
1740,08001,2009,1,26
1741,63001,2009,1,26
1742,05001,2009,1,26
1743,11001,2009,1,26
1744,05129,2009,1,26
1745,05266,2009,1,26
1746,66170,2009,1,26
1747,50001,2009,1,26
1748,76001,2009,1,26
1749,76001,2009,1,26
1750,41001,2009,1,26
1751,50606,2009,1,26
1752,76001,2009,1,26
1753,76892,2009,1,26
1754,11001,2009,1,26
1755,76001,2009,1,26
1756,17001,2009,1,26
1757,50001,2009,1,26
1758,76001,2009,1,26
1759,05001,2009,1,26
1760,11001,2009,1,26
1761,76834,2009,1,26
1762,68001,2009,1,26
1763,08001,2009,1,26
1764,11001,2009,1,26
1765,05001,2009,1,26
1766,41001,2009,1,26
1767,50330,2009,1,26
1768,13001,2009,1,26
1769,18001,2009,1,26
1770,68406,2009,1,26
1771,76520,2009,1,26
1772,19001,2009,1,26
1773,11001,2009,1,26
1774,17001,2009,1,26
1775,76001,2009,1,26
1776,50001,2009,1,26
1777,08001,2009,1,26
1778,23001,2009,1,26
1779,50573,2009,1,26
1780,66001,2009,1,26
1781,66001,2009,1,26
1782,47001,2009,1,26
1783,25845,2009,1,26
1784,08001,2009,1,26
1785,05607,2009,1,26
1786,41001,2009,1,26
1787,50006,2009,1,26
1788,76001,2009,1,26
1789,85010,2009,1,26
1790,05001,2009,1,26
1791,11001,2009,1,26
1792,05042,2009,1,26
1793,11001,2008,1,26
1794,05756,2008,1,26
1795,11001,2008,1,26
1796,68001,2008,1,26
1797,11001,2008,1,26
1798,11001,2008,1,26
1799,50606,2008,1,26
1800,68001,2008,1,26
1801,13688,2008,1,26
1802,50573,2008,1,26
1803,13001,2008,1,26
1804,68001,2008,1,26
1805,05001,2008,1,26
1806,05001,2008,1,26
1807,66001,2008,1,26
1808,17001,2008,1,26
1809,47001,2008,1,26
1810,50001,2008,1,26
1811,08001,2008,1,26
1812,08001,2008,1,26
1813,68081,2008,1,26
1814,05001,2008,1,26
1815,47001,2008,1,26
1816,11001,2008,1,26
1817,11001,2008,1,26
1818,11001,2008,1,26
1819,50006,2008,1,26
1820,05001,2008,1,26
1821,73555,2008,1,26
1822,68001,2008,1,26
1823,08001,2008,1,26
1824,08001,2008,1,26
1825,08001,2008,1,26
1826,50001,2008,1,26
1827,05088,2008,1,26
1828,25175,2008,1,26
1829,68001,2008,1,26
1830,47001,2008,1,26
1831,11001,2008,1,26
1832,13001,2008,1,26
1833,11001,2008,1,26
1834,11001,2008,1,26
1835,76001,2008,1,26
1836,11001,2008,1,26
1837,11001,2008,1,26
1838,68001,2008,1,26
1839,50001,2008,1,26
1840,15804,2008,1,26
1841,13001,2008,1,26
1842,76001,2008,1,26
1843,41020,2008,1,26
1844,13001,2008,1,26
1845,11001,2008,1,26
1846,76001,2008,1,26
1847,13140,2008,1,26
1848,76001,2008,1,26
1849,05001,2008,1,26
1850,08001,2008,1,26
1851,11001,2008,1,26
1852,08001,2008,1,26
1853,76318,2008,1,26
1854,08001,2008,1,26
1855,11001,2008,1,26
1856,76001,2008,1,26
1857,76318,2008,1,26
1858,13836,2008,1,26
1859,44430,2008,1,26
1860,76001,2008,1,26
1861,08001,2008,1,26
1862,76001,2008,1,26
1863,97001,2008,1,26
1864,08001,2008,1,26
1865,05837,2008,1,26
1866,47053,2008,1,26
1867,05001,2008,1,26
1868,08001,2008,1,26
1869,13001,2008,1,26
1870,11001,2008,1,26
1871,11001,2008,1,26
1872,05001,2008,1,26
1873,76001,2008,1,26
1874,08001,2008,1,26
1875,11001,2008,1,26
1876,05001,2008,1,26
1877,76001,2008,1,26
1878,08001,2008,1,26
1879,76001,2008,1,26
1880,08001,2008,1,26
1881,19001,2008,1,26
1882,13001,2008,1,26
1883,11001,2008,1,26
1884,76001,2008,1,26
1885,08001,2008,1,26
1886,08001,2008,1,26
1887,08001,2008,1,26
1888,08001,2008,1,26
1889,08001,2008,1,26
1890,11001,2008,1,26
1891,76001,2008,1,26
1892,08001,2008,1,26
1893,13001,2008,1,26
1894,76001,2008,1,26
1895,17001,2008,1,26
1896,08001,2008,1,26
1897,50001,2008,1,26
1898,50313,2008,1,26
1899,08001,2008,1,26
1900,73001,2008,1,26
1901,08001,2008,1,26
1902,76275,2008,1,26
1903,76001,2008,1,26
1904,13001,2008,1,26
1905,66001,2008,1,26
1906,08372,2008,1,26
1907,76001,2008,1,26
1908,08001,2008,1,26
1909,76520,2008,1,26
1910,50001,2008,1,26
1911,08001,2008,1,26
1912,05001,2008,1,26
1913,08001,2008,1,26
1914,68307,2008,1,26
1915,19548,2008,1,26
1916,13647,2007,1,26
1917,08001,2007,1,26
1918,50001,2007,1,26
1919,41551,2007,1,26
1920,41551,2007,1,26
1921,76001,2007,1,26
1922,76001,2007,1,26
1923,76001,2007,1,26
1924,08001,2007,1,26
1925,76001,2007,1,26
1926,08001,2007,1,26
1927,19100,2007,1,26
1928,68276,2007,1,26
1929,08001,2007,1,26
1930,08001,2007,1,26
1931,19001,2007,1,26
1932,08001,2007,1,26
1933,47001,2007,1,26
1934,11001,2007,1,26
1935,25320,2007,1,26
1936,11001,2007,1,26
1937,08001,2007,1,26
1938,41551,2007,1,26
1939,05380,2007,1,26
1940,11001,2007,1,26
1941,52411,2007,1,26
1942,05001,2007,1,26
1943,20178,2007,1,26
1944,76147,2007,1,26
1945,05360,2007,1,26
1946,05212,2007,1,26
1947,20001,2007,1,26
1948,25815,2007,1,26
1949,25843,2007,1,26
1950,08001,2007,1,26
1951,47001,2007,1,26
1952,76130,2007,1,26
1953,11001,2007,1,26
1954,08001,2007,1,26
1955,08001,2007,1,26
1956,08001,2007,1,26
1957,41001,2007,1,26
1958,11001,2007,1,26
1959,76001,2007,1,26
1960,76001,2007,1,26
1961,41791,2007,1,26
1962,50313,2007,1,26
1963,08001,2007,1,26
1964,18247,2007,1,26
1965,25754,2007,1,26
1966,08001,2007,1,26
1967,08001,2007,1,26
1968,52678,2007,1,26
1969,41359,2007,1,26
1970,76001,2007,1,26
1971,08001,2007,1,26
1972,25269,2007,1,26
1973,76001,2007,1,26
1974,66594,2007,1,26
1975,19100,2007,1,26
1976,05001,2007,1,26
1977,08001,2007,1,26
1978,76001,2007,1,26
1979,76001,2007,1,26
1980,08001,2007,1,26
1981,08001,2007,1,26
1982,08001,2007,1,26
1983,41001,2007,1,26
1984,08001,2007,1,26
1985,11001,2007,1,26
1986,08001,2006,1,26
1987,47161,2006,1,26
1988,68689,2006,1,26
1989,08001,2006,1,26
1990,08433,2006,1,26
1991,41378,2006,1,26
1992,08001,2006,1,26
1993,76001,2006,1,26
1994,05607,2006,1,26
1995,11001,2006,1,26
1996,76001,2006,1,26
1997,23162,2006,1,26
1998,25873,2006,1,26
1999,08001,2006,1,26
2000,08001,2006,1,26
2001,08001,2006,1,26
2002,76895,2006,1,26
2003,05360,2006,1,26
2004,08001,2006,1,26
2005,76001,2006,1,26
2006,76001,2006,1,26
2007,08001,2006,1,26
2008,05001,2006,1,26
2009,41206,2006,1,26
2010,08001,2006,1,26
2011,11001,2006,1,26
2012,08001,2006,1,26
2013,76001,2006,1,26
2014,76001,2006,1,26
2015,50313,2006,1,26
2016,08001,2006,1,26
2017,76001,2006,1,26
2018,68307,2006,1,26
2019,05440,2006,1,26
2020,17001,2006,1,26
2021,76001,2006,1,26
2022,19450,2006,1,26
2023,47288,2006,1,26
2024,76001,2006,1,26
2025,05001,2006,1,26
2026,76001,2006,1,26
2027,05440,2006,1,26
2028,11001,2006,1,26
2029,08001,2006,1,26
2030,73152,2006,1,26
2031,73870,2006,1,26
2032,52838,2006,1,26
2033,19001,2006,1,26
2034,08001,2006,1,26
2035,76001,2006,1,26
2036,05001,2006,1,26
2037,11001,2006,1,26
2038,76001,2006,1,26
2039,05001,2006,1,26
2040,08001,2006,1,26
2041,76001,2006,1,26
2042,76001,2006,1,26
2043,08001,2006,1,26
2044,47707,2006,1,26
2045,08001,2006,1,26
2046,73001,2006,1,26
2047,08001,2006,1,26
2048,76001,2006,1,26
2049,76001,2006,1,26
2050,08001,2006,1,26
2051,47001,2006,1,26
2052,23001,2006,1,26
2053,08001,2006,1,26
2054,08001,2006,1,26
2055,13430,2006,1,26
2056,47001,2006,1,26
2057,23162,2006,1,26
2058,08001,2006,1,26
2059,05001,2006,1,26
2060,11001,2006,1,26
2061,19573,2006,1,26
2062,76130,2006,1,26
2063,05001,2006,1,26
2064,23001,2006,1,26
2065,76001,2006,1,26
2066,05001,2006,1,26
2067,76001,2006,1,26
2068,05001,2006,1,26
2069,05001,2006,1,26
2070,86573,2006,1,26
2071,44001,2006,1,26
2072,94001,2006,1,26
2073,47001,2006,1,26
2074,11001,2006,1,26
2075,76364,2006,1,26
2076,50606,2006,1,26
2077,70215,2006,1,26
2078,05360,2005,1,26
2079,41306,2005,1,26
2080,05001,2005,1,26
2081,68001,2005,1,26
2082,70717,2005,1,26
2083,05088,2005,1,26
2084,19256,2005,1,26
2085,11001,2005,1,26
2086,73443,2005,1,26
2087,11001,2005,1,26
2088,50001,2005,1,26
2089,05001,2005,1,26
2090,11001,2005,1,26
2091,08001,2005,1,26
2092,11001,2005,1,26
2093,11001,2005,1,26
2094,17877,2005,1,26
2095,15759,2005,1,26
2096,23001,2005,1,26
2097,11001,2005,1,26
2098,11001,2005,1,26
2099,11001,2005,1,26
2100,11001,2005,1,26
2101,11001,2005,1,26
2102,54261,2005,1,26
2103,11001,2005,1,26
2104,11001,2005,1,26
2105,25175,2005,1,26
2106,11001,2005,1,26
2107,25307,2005,1,26
2108,41503,2005,1,26
2109,25779,2005,1,26
2110,11001,2005,1,26
2111,11001,2005,1,26
2112,17877,2005,1,26
2113,11001,2005,1,26
2114,05001,2005,1,26
2115,76001,2005,1,26
2116,68081,2005,1,26
2117,11001,2005,1,26
2118,68679,2005,1,26
2119,11001,2005,1,26
2120,11001,2005,1,26
2121,25430,2005,1,26
2122,11001,2005,1,26
2123,11001,2005,1,26
2124,11001,2005,1,26
2125,76001,2005,1,26
2126,11001,2005,1,26
2127,05001,2005,1,26
2128,76001,2005,1,26
2129,76001,2005,1,26
2130,08001,2005,1,26
2131,11001,2005,1,26
2132,08001,2005,1,26
2133,66045,2005,1,26
2134,11001,2005,1,26
2135,08001,2005,1,26
2136,08001,2005,1,26
2137,85300,2005,1,26
2138,15176,2005,1,26
2139,11001,2005,1,26
2140,54720,2005,1,26
2141,05001,2005,1,26
2142,68861,2005,1,26
2143,76001,2005,1,26
2144,11001,2005,1,26
2145,11001,2005,1,26
2146,15051,2005,1,26
2147,11001,2005,1,26
2148,11001,2005,1,26
2149,08001,2005,1,26
2150,76001,2005,1,26
2151,08001,2005,1,26
2152,76001,2005,1,26
2153,15759,2005,1,26
2154,05001,2005,1,26
2155,11001,2005,1,26
2156,05631,2005,1,26
2157,05001,2005,1,26
2158,19517,2005,1,26
2159,41026,2005,1,26
2160,05001,2005,1,26
2161,08001,2005,1,26
2162,73408,2005,1,26
2163,25151,2005,1,26
2164,05001,2005,1,26
2165,11001,2005,1,26
2166,23580,2005,1,26
2167,19212,2005,1,26
2168,76001,2005,1,26
2169,73443,2004,1,26
2170,23001,2004,1,26
2171,08001,2004,1,26
2172,41298,2004,1,26
2173,05001,2004,1,26
2174,66318,2004,1,26
2175,08001,2004,1,26
2176,19256,2004,1,26
2177,05001,2004,1,26
2178,08001,2004,1,26
2179,11001,2004,1,26
2180,76001,2004,1,26
2181,76001,2004,1,26
2182,11001,2004,1,26
2183,25899,2004,1,26
2184,20001,2004,1,26
2185,11001,2004,1,26
2186,08001,2004,1,26
2187,44855,2004,1,26
2188,76001,2004,1,26
2189,05001,2004,1,26
2190,08001,2004,1,26
2191,76001,2004,1,26
2192,08001,2004,1,26
2193,11001,2004,1,26
2194,73001,2004,1,26
2195,05360,2004,1,26
2196,11001,2004,1,26
2197,76001,2004,1,26
2198,13836,2004,1,26
2199,05001,2004,1,26
2200,19698,2004,1,26
2201,08001,2004,1,26
2202,13001,2004,1,26
2203,50313,2004,1,26
2204,17001,2004,1,26
2205,76001,2004,1,26
2206,05001,2004,1,26
2207,05001,2004,1,26
2208,08001,2004,1,26
2209,05001,2004,1,26
2210,68001,2004,1,26
2211,05360,2004,1,26
2212,05001,2004,1,26
2213,08001,2004,1,26
2214,05001,2004,1,26
2215,11001,2004,1,26
2216,41001,2004,1,26
2217,66440,2004,1,26
2218,08001,2004,1,26
2219,05001,2004,1,26
2220,11001,2004,1,26
2221,08001,2004,1,26
2222,08638,2004,1,26
2223,76001,2004,1,26
2224,05001,2004,1,26
2225,08001,2004,1,26
2226,05001,2004,1,26
2227,76001,2004,1,26
2228,08001,2004,1,26
2229,05266,2004,1,26
2230,08001,2004,1,26
2231,08001,2004,1,26
2232,81001,2004,1,26
2233,68001,2004,1,26
2234,08001,2004,1,26
2235,52001,2004,1,26
2236,68001,2004,1,26
2237,08001,2004,1,26
2238,70001,2004,1,26
2239,08001,2004,1,26
2240,08001,2004,1,26
2241,08001,2004,1,26
2242,05001,2004,1,26
2243,19212,2004,1,26
2244,76001,2004,1,26
2245,08001,2004,1,26
2246,47170,2004,1,26
2247,08001,2004,1,26
2248,05001,2004,1,26
2249,19001,2004,1,26
2250,15835,2004,1,26
2251,47001,2004,1,26
2252,08001,2004,1,26
2253,05001,2004,1,26
2254,70001,2004,1,26
2255,15837,2004,1,26
2256,08001,2004,1,26
2257,13001,2004,1,26
2258,66170,2004,1,26
2259,05001,2004,1,26
2260,19573,2004,1,26
2261,08001,2004,1,26
2262,76130,2004,1,26
2263,76497,2004,1,26
2264,05001,2004,1,26
2265,76001,2004,1,26
2266,11001,2004,1,26
2267,17001,2004,1,26
2268,68861,2003,1,26
2269,68081,2003,1,26
2270,05315,2003,1,26
2271,08078,2003,1,26
2272,13001,2003,1,26
2273,76001,2003,1,26
2274,20621,2003,1,26
2275,05001,2003,1,26
2276,76001,2003,1,26
2277,08001,2003,1,26
2278,41298,2003,1,26
2279,08001,2003,1,26
2280,76001,2003,1,26
2281,13001,2003,1,26
2282,08001,2003,1,26
2283,08001,2003,1,26
2284,41668,2003,1,26
2285,11001,2003,1,26
2286,41001,2003,1,26
2287,76823,2003,1,26
2288,05038,2003,1,26
2289,08001,2003,1,26
2290,08001,2003,1,26
2291,08001,2003,1,26
2292,50001,2003,1,26
2293,08001,2003,1,26
2294,76001,2003,1,26
2295,76001,2003,1,26
2296,08001,2003,1,26
2297,11001,2003,1,26
2298,19001,2003,1,26
2299,08001,2003,1,26
2300,13001,2003,1,26
2301,08001,2003,1,26
2302,15001,2003,1,26
2303,11001,2003,1,26
2304,05001,2003,1,26
2305,05001,2003,1,26
2306,19001,2003,1,26
2307,73026,2003,1,26
2308,05001,2003,1,26
2309,13001,2003,1,26
2310,68001,2003,1,26
2311,11001,2003,1,26
2312,08001,2003,1,26
2313,81001,2003,1,26
2314,76001,2003,1,26
2315,05045,2003,1,26
2316,54001,2003,1,26
2317,08638,2003,1,26
2318,68081,2003,1,26
2319,08001,2003,1,26
2320,73001,2003,1,26
2321,11001,2003,1,26
2322,76001,2003,1,26
2323,54001,2003,1,26
2324,73275,2003,1,26
2325,05001,2003,1,26
2326,08001,2003,1,26
2327,11001,2003,1,26
2328,54001,2003,1,26
2329,11001,2003,1,26
2330,52838,2003,1,26
2331,08001,2003,1,26
2332,13001,2003,1,26
2333,05001,2003,1,26
2334,05001,2003,1,26
2335,08001,2003,1,26
2336,52001,2003,1,26
2337,11001,2003,1,26
2338,47001,2003,1,26
2339,08001,2003,1,26
2340,05001,2003,1,26
2341,08001,2003,1,26
2342,08001,2003,1,26
2343,73001,2003,1,26
2344,05001,2003,1,26
2345,08001,2003,1,26
2346,25175,2003,1,26
2347,76001,2003,1,26
2348,66001,2003,1,26
2349,13001,2003,1,26
2350,76001,2003,1,26
2351,50001,2003,1,26
2352,05001,2003,1,26
2353,08001,2003,1,26
2354,17001,2003,1,26
2355,08001,2003,1,26
2356,66001,2003,1,26
2357,76001,2003,1,26
2358,68001,2003,1,26
2359,05001,2003,1,26
2360,76001,2003,1,26
2361,08001,2003,1,26
2362,41396,2003,1,26
2363,76147,2003,1,26
2364,19743,2003,1,26
2365,25899,2003,1,26
2366,13001,2003,1,26
2367,08001,2003,1,26
2368,20001,2003,1,26
2369,08001,2003,1,26
2370,76001,2003,1,26
2371,66682,2003,1,26
2372,08001,2003,1,26
2373,05001,2003,1,26
2374,11001,2003,1,26
2375,85162,2003,1,26
2376,11001,2003,1,26
2377,47001,2003,1,26
2378,08001,2003,1,26
2379,44001,2003,1,26
2380,08001,2003,1,26
2381,13001,2003,1,26
2382,11001,2003,1,26
2383,76001,2003,1,26
2384,05001,2003,1,26
2385,15176,2003,1,26
2386,05001,2003,1,26
2387,66682,2003,1,26
2388,76001,2003,1,26
2389,76622,2003,1,26
2390,08001,2003,1,26
2391,08001,2003,1,26
2392,08001,2003,1,26
2393,13001,2003,1,26
2394,05001,2003,1,26
2395,11001,2003,1,26
2396,05001,2003,1,26
2397,08001,2003,1,26
2398,50001,2003,1,26
2399,13670,2003,2,26
2400,11001,2003,1,26
2401,11001,2003,1,26
2402,17001,2003,1,26
2403,41001,2003,1,26
2404,76001,2003,1,26
2405,13001,2003,1,26
2406,44001,2003,1,26
2407,13001,2003,1,26
2408,05001,2003,1,26
2409,44001,2003,1,26
2410,76001,2003,1,26
2411,11001,2003,1,26
2412,11001,2003,1,26
2413,70215,2003,1,26
2414,11001,2003,1,26
2415,47189,2003,1,26
2416,52001,2003,1,26
2417,08001,2003,1,26
2418,11001,2003,1,26
2419,76001,2003,1,26
2420,11001,2003,1,26
2421,13001,2003,1,26
2422,05631,2003,1,26
2423,11001,2003,1,26
2424,11001,2003,1,26
2425,11001,2003,1,26
2426,15646,2003,1,26
2427,05001,2003,1,26
2428,11001,2003,1,26
2429,11001,2003,1,26
2430,76001,2003,1,26
2431,08001,2003,1,26
2432,68081,2003,1,26
2433,13001,2003,1,26
2434,76122,2003,1,26
2435,76001,2003,1,26
2436,76147,2003,1,26
2437,08001,2003,1,26
2438,11001,2003,1,26
2439,05001,2003,1,26
2440,76520,2003,1,26
2441,11001,2003,1,26
2442,76001,2003,1,26
