id,year,dane_code,number_of_samples,irca,risk_level,source_id
1,2018,91001,95,19.85,MEDIO,122
2,2018,91540,24,28.88,MEDIO,122
3,2018,05002,67,0.69,SIN RIESGO,122
4,2018,05004,35,4.36,SIN RIESGO,122
5,2018,05021,36,2.5,SIN RIESGO,122
6,2018,05030,34,0,SIN RIESGO,122
7,2018,05031,71,0.75,SIN RIESGO,122
8,2018,05034,68,3.01,SIN RIESGO,122
9,2018,05036,36,2.55,SIN RIESGO,122
10,2018,05038,35,0,SIN RIESGO,122
11,2018,05040,36,1.59,SIN RIESGO,122
12,2018,05044,36,0.54,SIN RIESGO,122
13,2018,05045,137,0.79,SIN RIESGO,122
14,2018,05051,34,1.87,SIN RIESGO,122
15,2018,05055,33,81.68,INVIABLE SANITARIAMENTE,122
16,2018,05059,33,0.8,SIN RIESGO,122
17,2018,05079,59,0.06,SIN RIESGO,122
18,2018,05088,144,1.21,SIN RIESGO,122
19,2018,05086,36,1.08,SIN RIESGO,122
20,2018,05091,36,2.7,SIN RIESGO,122
21,2018,05093,36,0,SIN RIESGO,122
22,2018,05107,36,2.01,SIN RIESGO,122
23,2018,05113,35,0,SIN RIESGO,122
24,2018,05120,35,3.55,SIN RIESGO,122
25,2018,05125,35,0,SIN RIESGO,122
26,2018,05129,86,6.48,BAJO,122
27,2018,05134,36,2,SIN RIESGO,122
28,2018,05138,36,0.54,SIN RIESGO,122
29,2018,05142,35,0.26,SIN RIESGO,122
30,2018,05145,36,0,SIN RIESGO,122
31,2018,05147,57,3.83,SIN RIESGO,122
32,2018,05150,36,0.74,SIN RIESGO,122
33,2018,05154,223,1.55,SIN RIESGO,122
34,2018,05172,60,0.32,SIN RIESGO,122
35,2018,05190,48,23.31,MEDIO,122
36,2018,05101,108,6.23,BAJO,122
37,2018,05197,36,2.84,SIN RIESGO,122
38,2018,05206,35,0.63,SIN RIESGO,122
39,2018,05209,36,0,SIN RIESGO,122
40,2018,05212,84,0.7,SIN RIESGO,122
41,2018,05234,71,0.27,SIN RIESGO,122
42,2018,05237,36,0,SIN RIESGO,122
43,2018,05240,36,5.41,BAJO,122
44,2018,05250,60,1.05,SIN RIESGO,122
45,2018,05148,60,0.44,SIN RIESGO,122
46,2018,05697,72,0.3,SIN RIESGO,122
47,2018,05264,36,6.5,BAJO,122
48,2018,05266,40,0,SIN RIESGO,122
49,2018,05282,36,0,SIN RIESGO,122
50,2018,05284,71,0,SIN RIESGO,122
51,2018,05306,37,4.45,SIN RIESGO,122
52,2018,05308,59,0,SIN RIESGO,122
53,2018,05310,36,0.54,SIN RIESGO,122
54,2018,05313,36,1.47,SIN RIESGO,122
55,2018,05315,36,1.28,SIN RIESGO,122
56,2018,05318,36,0,SIN RIESGO,122
57,2018,05321,36,0.74,SIN RIESGO,122
58,2018,05347,35,0.55,SIN RIESGO,122
59,2018,05353,37,0.62,SIN RIESGO,122
60,2018,05360,117,0.03,SIN RIESGO,122
61,2018,05361,36,0.61,SIN RIESGO,122
62,2018,05364,36,0.54,SIN RIESGO,122
63,2018,05368,36,0.74,SIN RIESGO,122
64,2018,05376,131,0.6,SIN RIESGO,122
65,2018,05380,58,0,SIN RIESGO,122
66,2018,05390,35,2.07,SIN RIESGO,122
67,2018,05400,36,0.54,SIN RIESGO,122
68,2018,05411,36,0,SIN RIESGO,122
69,2018,05425,35,0,SIN RIESGO,122
70,2018,05440,60,0.38,SIN RIESGO,122
71,2018,05001,1938,0.69,SIN RIESGO,122
72,2018,05467,35,5.57,BAJO,122
73,2018,05480,72,0.56,SIN RIESGO,122
74,2018,05483,34,4.21,SIN RIESGO,122
75,2018,05495,34,0.78,SIN RIESGO,122
76,2018,05490,36,3.56,SIN RIESGO,122
77,2018,05501,80,5.42,BAJO,122
78,2018,05541,36,0.59,SIN RIESGO,122
79,2018,05543,34,3.06,SIN RIESGO,122
80,2018,05576,36,1.08,SIN RIESGO,122
81,2018,05579,57,0.34,SIN RIESGO,122
82,2018,05585,108,1.57,SIN RIESGO,122
83,2018,05591,139,4.3,SIN RIESGO,122
84,2018,05604,36,0.64,SIN RIESGO,122
85,2018,05607,72,3.11,SIN RIESGO,122
86,2018,05615,58,0,SIN RIESGO,122
87,2018,05628,36,0.74,SIN RIESGO,122
88,2018,05631,49,1.79,SIN RIESGO,122
89,2018,05642,36,0,SIN RIESGO,122
90,2018,05647,35,4.14,SIN RIESGO,122
91,2018,05649,36,2.73,SIN RIESGO,122
92,2018,05652,36,3.78,SIN RIESGO,122
93,2018,05656,37,1.43,SIN RIESGO,122
94,2018,05658,36,0.81,SIN RIESGO,122
95,2018,05659,32,12.21,BAJO,122
96,2018,05660,72,2.7,SIN RIESGO,122
97,2018,05664,35,0.06,SIN RIESGO,122
98,2018,05665,36,1.37,SIN RIESGO,122
99,2018,05667,36,0,SIN RIESGO,122
100,2018,05670,36,1.27,SIN RIESGO,122
101,2018,05674,36,0.54,SIN RIESGO,122
102,2018,05679,36,0.05,SIN RIESGO,122
103,2018,05686,60,0.24,SIN RIESGO,122
104,2018,05042,36,0,SIN RIESGO,122
105,2018,05690,36,1.08,SIN RIESGO,122
106,2018,05736,59,2.66,SIN RIESGO,122
107,2018,05756,47,11.04,BAJO,122
108,2018,05761,34,0,SIN RIESGO,122
109,2018,05789,36,0.64,SIN RIESGO,122
110,2018,05790,72,17.71,MEDIO,122
111,2018,05792,34,0,SIN RIESGO,122
112,2018,05809,72,0.64,SIN RIESGO,122
113,2018,05819,34,38.94,ALTO,122
114,2018,05837,95,1.79,SIN RIESGO,122
115,2018,05842,70,3.31,SIN RIESGO,122
116,2018,05847,36,0.1,SIN RIESGO,122
117,2018,05854,36,0.54,SIN RIESGO,122
118,2018,05856,36,0,SIN RIESGO,122
119,2018,05858,35,0.61,SIN RIESGO,122
120,2018,05861,36,0,SIN RIESGO,122
121,2018,05885,33,2.15,SIN RIESGO,122
122,2018,05887,72,3.94,SIN RIESGO,122
123,2018,05890,36,0.81,SIN RIESGO,122
124,2018,05893,35,1.41,SIN RIESGO,122
125,2018,05895,54,46.35,ALTO,122
126,2018,81001,198,1.33,SIN RIESGO,122
127,2018,81065,82,0.06,SIN RIESGO,122
128,2018,81220,85,6.36,BAJO,122
129,2018,81300,83,2.15,SIN RIESGO,122
130,2018,81591,85,0.84,SIN RIESGO,122
131,2018,81736,86,0.28,SIN RIESGO,122
132,2018,81794,88,1.35,SIN RIESGO,122
133,2018,88564,6,36.84,ALTO,122
134,2018,88001,84,1.84,SIN RIESGO,122
135,2018,08078,58,4.41,SIN RIESGO,122
136,2018,08001,263,0,SIN RIESGO,122
137,2018,08137,47,18.03,MEDIO,122
138,2018,08141,56,3.1,SIN RIESGO,122
139,2018,08296,79,1.43,SIN RIESGO,122
140,2018,08372,63,0,SIN RIESGO,122
141,2018,08421,118,14.51,MEDIO,122
142,2018,08433,72,1.77,SIN RIESGO,122
143,2018,08436,64,2.07,SIN RIESGO,122
144,2018,08520,33,0,SIN RIESGO,122
145,2018,08549,38,0.49,SIN RIESGO,122
146,2018,08558,40,0,SIN RIESGO,122
147,2018,08560,78,3.39,SIN RIESGO,122
148,2018,08573,45,0,SIN RIESGO,122
149,2018,08606,66,28.41,MEDIO,122
150,2018,08634,33,0,SIN RIESGO,122
151,2018,08638,157,34.5,MEDIO,122
152,2018,08675,34,13.96,BAJO,122
153,2018,08685,33,0,SIN RIESGO,122
154,2018,08758,179,0.01,SIN RIESGO,122
155,2018,08770,35,9.29,BAJO,122
156,2018,08832,82,18.42,MEDIO,122
157,2018,08849,32,0,SIN RIESGO,122
158,2018,11001,2528,3.29,SIN RIESGO,122
159,2018,13006,24,61.09,ALTO,122
160,2018,13030,21,60,ALTO,122
161,2018,13042,17,60.68,ALTO,122
162,2018,13052,20,5.63,BAJO,122
163,2018,13062,6,76.1,ALTO,122
164,2018,13074,32,32.36,MEDIO,122
165,2018,13140,28,45.09,ALTO,122
166,2018,13160,28,15.63,MEDIO,122
167,2018,13001,411,0,SIN RIESGO,122
168,2018,13188,30,5.02,SIN RIESGO,122
169,2018,13222,31,20.17,MEDIO,122
170,2018,13212,20,18.94,MEDIO,122
171,2018,13244,28,0,SIN RIESGO,122
172,2018,13248,15,40.48,ALTO,122
173,2018,13268,20,51.96,ALTO,122
174,2018,13300,26,78.72,ALTO,122
175,2018,13430,32,0,SIN RIESGO,122
176,2018,13433,56,42.81,ALTO,122
177,2018,13440,32,86.26,INVIABLE SANITARIAMENTE,122
178,2018,13442,24,43.81,ALTO,122
179,2018,13468,24,40.03,ALTO,122
180,2018,13458,15,43.33,ALTO,122
181,2018,13473,32,21.09,MEDIO,122
182,2018,13490,32,42.97,ALTO,122
183,2018,13549,28,40.15,ALTO,122
184,2018,13580,27,29.32,MEDIO,122
185,2018,13600,28,25.26,MEDIO,122
186,2018,13620,26,36.77,ALTO,122
187,2018,13650,27,49.21,ALTO,122
188,2018,13655,28,23.45,MEDIO,122
189,2018,13657,6,35.27,ALTO,122
190,2018,13667,20,30.04,MEDIO,122
191,2018,13670,28,0,SIN RIESGO,122
192,2018,13673,20,88.15,INVIABLE SANITARIAMENTE,122
193,2018,13683,91,41.77,ALTO,122
194,2018,13688,32,0,SIN RIESGO,122
195,2018,13744,32,1.25,SIN RIESGO,122
196,2018,13780,28,13.42,BAJO,122
197,2018,13810,32,60.32,ALTO,122
198,2018,13836,24,4.69,SIN RIESGO,122
199,2018,13838,32,25.75,MEDIO,122
200,2018,13894,20,14.38,MEDIO,122
201,2018,15022,8,0,SIN RIESGO,122
202,2018,15047,11,0,SIN RIESGO,122
203,2018,15051,13,21.8,MEDIO,122
204,2018,15087,11,6.33,BAJO,122
205,2018,15090,9,6.07,BAJO,122
206,2018,15092,12,11.87,BAJO,122
207,2018,15097,12,3.18,SIN RIESGO,122
208,2018,15104,16,1.47,SIN RIESGO,122
209,2018,15106,11,7.92,BAJO,122
210,2018,15109,10,4.76,SIN RIESGO,122
211,2018,15114,10,2.12,SIN RIESGO,122
212,2018,15131,8,19.63,MEDIO,122
213,2018,15135,9,1.53,SIN RIESGO,122
214,2018,15162,10,6.56,BAJO,122
215,2018,15172,12,4.05,SIN RIESGO,122
216,2018,15176,58,7.04,BAJO,122
217,2018,15232,10,5.27,BAJO,122
218,2018,15180,10,0.7,SIN RIESGO,122
219,2018,15183,7,5.39,BAJO,122
220,2018,15185,8,13.43,BAJO,122
221,2018,15187,23,0.34,SIN RIESGO,122
222,2018,15236,6,3.01,SIN RIESGO,122
223,2018,15189,12,8.19,BAJO,122
224,2018,15204,28,11.57,BAJO,122
225,2018,15212,9,5.97,BAJO,122
226,2018,15215,16,9.98,BAJO,122
227,2018,15218,11,2.73,SIN RIESGO,122
228,2018,15223,8,0,SIN RIESGO,122
229,2018,15224,16,20.09,MEDIO,122
230,2018,15226,8,2.3,SIN RIESGO,122
231,2018,15238,180,0.42,SIN RIESGO,122
232,2018,15244,10,0.69,SIN RIESGO,122
233,2018,15248,9,3.01,SIN RIESGO,122
234,2018,15272,9,2.15,SIN RIESGO,122
235,2018,15276,12,0,SIN RIESGO,122
236,2018,15293,10,0.71,SIN RIESGO,122
237,2018,15296,24,15.18,MEDIO,122
238,2018,15299,26,18.01,MEDIO,122
239,2018,15317,8,4.6,SIN RIESGO,122
240,2018,15322,18,4.83,SIN RIESGO,122
241,2018,15325,11,9.05,BAJO,122
242,2018,15332,10,3.8,SIN RIESGO,122
243,2018,15362,9,0,SIN RIESGO,122
244,2018,15367,11,0.78,SIN RIESGO,122
245,2018,15368,8,2.3,SIN RIESGO,122
246,2018,15380,15,32.84,MEDIO,122
247,2018,15403,10,1.7,SIN RIESGO,122
248,2018,15401,8,6.91,BAJO,122
249,2018,15377,9,0,SIN RIESGO,122
250,2018,15425,10,0,SIN RIESGO,122
251,2018,15442,21,8.71,BAJO,122
252,2018,15455,13,0.28,SIN RIESGO,122
253,2018,15464,12,10.65,BAJO,122
254,2018,15466,18,42.15,ALTO,122
255,2018,15469,26,16.61,MEDIO,122
256,2018,15476,15,11.43,BAJO,122
257,2018,15480,9,0,SIN RIESGO,122
258,2018,15491,40,1.83,SIN RIESGO,122
259,2018,15494,15,7.05,BAJO,122
260,2018,15500,18,5.57,BAJO,122
261,2018,15507,10,0,SIN RIESGO,122
262,2018,15511,10,8.65,BAJO,122
263,2018,15514,8,2.42,SIN RIESGO,122
264,2018,15516,36,1.22,SIN RIESGO,122
265,2018,15518,9,0,SIN RIESGO,122
266,2018,15522,9,0,SIN RIESGO,122
267,2018,15531,8,0.41,SIN RIESGO,122
268,2018,15533,8,0.47,SIN RIESGO,122
269,2018,15537,11,5.79,BAJO,122
270,2018,15542,12,4.3,SIN RIESGO,122
271,2018,15550,6,8.13,BAJO,122
272,2018,15572,42,4.73,SIN RIESGO,122
273,2018,15580,9,4.16,SIN RIESGO,122
274,2018,15599,16,3.73,SIN RIESGO,122
275,2018,15600,10,24.11,MEDIO,122
276,2018,15621,9,4.3,SIN RIESGO,122
277,2018,15632,10,16.29,MEDIO,122
278,2018,15638,12,10.8,BAJO,122
279,2018,15646,29,9.81,BAJO,122
280,2018,15660,10,0,SIN RIESGO,122
281,2018,15664,8,0,SIN RIESGO,122
282,2018,15667,11,0.1,SIN RIESGO,122
283,2018,15673,11,16.34,MEDIO,122
284,2018,15676,9,2.98,SIN RIESGO,122
285,2018,15681,10,2.09,SIN RIESGO,122
286,2018,15690,10,4.61,SIN RIESGO,122
287,2018,15693,11,8.57,BAJO,122
288,2018,15696,9,1.41,SIN RIESGO,122
289,2018,15686,10,1.85,SIN RIESGO,122
290,2018,15720,9,0,SIN RIESGO,122
291,2018,15723,9,12.89,BAJO,122
292,2018,15740,15,32.7,MEDIO,122
293,2018,15753,11,0,SIN RIESGO,122
294,2018,15757,11,1.74,SIN RIESGO,122
295,2018,15755,10,16.16,MEDIO,122
296,2018,15759,175,0.05,SIN RIESGO,122
297,2018,15761,9,4.57,SIN RIESGO,122
298,2018,15762,11,0.43,SIN RIESGO,122
299,2018,15764,15,11.16,BAJO,122
300,2018,15763,10,0,SIN RIESGO,122
301,2018,15774,14,8.23,BAJO,122
302,2018,15776,9,18.63,MEDIO,122
303,2018,15778,8,3.09,SIN RIESGO,122
304,2018,15790,10,0,SIN RIESGO,122
305,2018,15798,8,0,SIN RIESGO,122
306,2018,15804,11,0,SIN RIESGO,122
307,2018,15806,16,3.03,SIN RIESGO,122
308,2018,15808,10,11.61,BAJO,122
309,2018,15810,9,0,SIN RIESGO,122
310,2018,15814,12,12.06,BAJO,122
311,2018,15816,9,3.13,SIN RIESGO,122
312,2018,15820,16,30.6,MEDIO,122
313,2018,15822,10,6.71,BAJO,122
314,2018,15001,282,5.28,BAJO,122
315,2018,15832,8,13.25,BAJO,122
316,2018,15835,12,0.31,SIN RIESGO,122
317,2018,15837,17,0.42,SIN RIESGO,122
318,2018,15839,18,5.16,BAJO,122
319,2018,15842,9,0.52,SIN RIESGO,122
320,2018,15861,16,0.73,SIN RIESGO,122
321,2018,15407,55,3.12,SIN RIESGO,122
322,2018,15879,9,0.41,SIN RIESGO,122
323,2018,15897,10,0.74,SIN RIESGO,122
324,2018,17013,28,0,SIN RIESGO,122
325,2018,17042,41,0,SIN RIESGO,122
326,2018,17050,10,0.33,SIN RIESGO,122
327,2018,17088,10,0,SIN RIESGO,122
328,2018,17174,82,0.59,SIN RIESGO,122
329,2018,17272,10,0,SIN RIESGO,122
330,2018,17380,47,0.14,SIN RIESGO,122
331,2018,17388,11,0,SIN RIESGO,122
332,2018,17001,193,0.63,SIN RIESGO,122
333,2018,17433,22,0,SIN RIESGO,122
334,2018,17442,9,2.62,SIN RIESGO,122
335,2018,17444,11,0.61,SIN RIESGO,122
336,2018,17446,10,11.56,BAJO,122
337,2018,17486,24,1.84,SIN RIESGO,122
338,2018,17495,23,1.66,SIN RIESGO,122
339,2018,17513,12,3.93,SIN RIESGO,122
340,2018,17524,40,6.42,BAJO,122
341,2018,17541,24,2.07,SIN RIESGO,122
342,2018,17614,57,5.89,BAJO,122
343,2018,17616,11,0,SIN RIESGO,122
344,2018,17653,21,0,SIN RIESGO,122
345,2018,17662,17,4.79,SIN RIESGO,122
346,2018,17665,10,0,SIN RIESGO,122
347,2018,17777,41,0.17,SIN RIESGO,122
348,2018,17867,11,0,SIN RIESGO,122
349,2018,17873,59,2.54,SIN RIESGO,122
350,2018,17877,18,0,SIN RIESGO,122
351,2018,18029,10,1.94,SIN RIESGO,122
352,2018,18094,18,3.23,SIN RIESGO,122
353,2018,18150,39,10.83,BAJO,122
354,2018,18205,23,20.8,MEDIO,122
355,2018,18247,38,12.67,BAJO,122
356,2018,18256,38,6.61,BAJO,122
357,2018,18001,33,0,SIN RIESGO,122
358,2018,18410,32,9.87,BAJO,122
359,2018,18460,17,2.38,SIN RIESGO,122
360,2018,18479,9,89.22,INVIABLE SANITARIAMENTE,122
361,2018,18592,38,5.26,SIN RIESGO,122
362,2018,18610,18,1.29,SIN RIESGO,122
363,2018,18753,33,3.22,SIN RIESGO,122
364,2018,18756,14,30.78,MEDIO,122
365,2018,18785,11,13.52,BAJO,122
366,2018,18860,16,9.72,BAJO,122
367,2018,85010,55,1.19,SIN RIESGO,122
368,2018,85015,12,13.49,BAJO,122
369,2018,85125,12,9.76,BAJO,122
370,2018,85136,12,9.46,BAJO,122
371,2018,85139,12,9.69,BAJO,122
372,2018,85162,23,9.07,BAJO,122
373,2018,85225,19,7.2,BAJO,122
374,2018,85230,14,16.28,MEDIO,122
375,2018,85250,83,15.51,MEDIO,122
376,2018,85263,13,27,MEDIO,122
377,2018,85279,12,19.34,MEDIO,122
378,2018,85300,15,16.33,MEDIO,122
379,2018,85315,12,3.69,SIN RIESGO,122
380,2018,85325,18,21.07,MEDIO,122
381,2018,85400,15,38,ALTO,122
382,2018,85410,25,1.93,SIN RIESGO,122
383,2018,85430,14,49.49,ALTO,122
384,2018,85440,57,2.8,SIN RIESGO,122
385,2018,85001,294,2.74,SIN RIESGO,122
386,2018,19022,41,12.85,BAJO,122
387,2018,19050,54,5.72,BAJO,122
388,2018,19075,53,2.96,SIN RIESGO,122
389,2018,19100,29,2.74,SIN RIESGO,122
390,2018,19110,55,10.51,BAJO,122
391,2018,19130,50,13.68,BAJO,122
392,2018,19137,46,5.18,BAJO,122
393,2018,19142,86,10.08,BAJO,122
394,2018,19212,56,2.29,SIN RIESGO,122
395,2018,19256,43,8.31,BAJO,122
396,2018,19290,46,7.53,BAJO,122
397,2018,19318,36,4.41,SIN RIESGO,122
398,2018,19355,37,0,SIN RIESGO,122
399,2018,19364,48,5.36,BAJO,122
400,2018,19392,51,1.17,SIN RIESGO,122
401,2018,19418,5,66.22,ALTO,122
402,2018,19450,50,11.99,BAJO,122
403,2018,19455,49,9.94,BAJO,122
404,2018,19473,45,6.33,BAJO,122
405,2018,19513,33,11.92,BAJO,122
406,2018,19517,55,12.04,BAJO,122
407,2018,19532,38,4.01,SIN RIESGO,122
408,2018,19533,30,89,INVIABLE SANITARIAMENTE,122
409,2018,19548,45,7.34,BAJO,122
410,2018,19001,254,3.18,SIN RIESGO,122
411,2018,19573,29,10.48,BAJO,122
412,2018,19585,44,6.62,BAJO,122
413,2018,19622,51,6.49,BAJO,122
414,2018,19693,38,74.36,ALTO,122
415,2018,19701,54,4.5,SIN RIESGO,122
416,2018,19698,55,4.94,SIN RIESGO,122
417,2018,19743,50,3.12,SIN RIESGO,122
418,2018,19760,40,8.97,BAJO,122
419,2018,19780,53,16.36,MEDIO,122
420,2018,19785,19,5.92,BAJO,122
421,2018,19807,53,0.45,SIN RIESGO,122
422,2018,19809,28,94.66,INVIABLE SANITARIAMENTE,122
423,2018,19821,50,8.96,BAJO,122
424,2018,19824,55,5.71,BAJO,122
425,2018,19845,13,19.35,MEDIO,122
426,2018,20011,92,0,SIN RIESGO,122
427,2018,20013,49,4.11,SIN RIESGO,122
428,2018,20032,12,26.27,MEDIO,122
429,2018,20045,22,16.95,MEDIO,122
430,2018,20060,48,65.32,ALTO,122
431,2018,20175,20,1.13,SIN RIESGO,122
432,2018,20178,12,1.85,SIN RIESGO,122
433,2018,20228,56,0,SIN RIESGO,122
434,2018,20238,21,0,SIN RIESGO,122
435,2018,20295,11,6.93,BAJO,122
436,2018,20310,11,84.49,INVIABLE SANITARIAMENTE,122
437,2018,20383,11,8.01,BAJO,122
438,2018,20400,31,8.28,BAJO,122
439,2018,20621,19,10.46,BAJO,122
440,2018,20443,7,92.06,INVIABLE SANITARIAMENTE,122
441,2018,20517,23,1.14,SIN RIESGO,122
442,2018,20550,14,16.63,MEDIO,122
443,2018,20570,23,38.71,ALTO,122
444,2018,20614,12,0,SIN RIESGO,122
445,2018,20710,25,1.15,SIN RIESGO,122
446,2018,20750,25,4.2,SIN RIESGO,122
447,2018,20770,13,13.96,BAJO,122
448,2018,20787,11,0.99,SIN RIESGO,122
449,2018,20001,110,0.4,SIN RIESGO,122
450,2018,27025,2,94.01,INVIABLE SANITARIAMENTE,122
451,2018,27077,3,56.25,ALTO,122
452,2018,27361,2,0,SIN RIESGO,122
453,2018,27245,2,47.61,ALTO,122
454,2018,27413,4,50.14,ALTO,122
455,2018,27001,18,2.12,SIN RIESGO,122
456,2018,27787,1,43.63,ALTO,122
457,2018,27810,1,95.23,INVIABLE SANITARIAMENTE,122
458,2018,23068,16,6.87,BAJO,122
459,2018,23079,8,30.74,MEDIO,122
460,2018,23090,8,64.79,ALTO,122
461,2018,23162,98,1.12,SIN RIESGO,122
462,2018,23168,8,4.6,SIN RIESGO,122
463,2018,23182,39,6.66,BAJO,122
464,2018,23300,9,34.71,MEDIO,122
465,2018,23350,8,32.35,MEDIO,122
466,2018,23417,78,0.94,SIN RIESGO,122
467,2018,23419,8,22.13,MEDIO,122
468,2018,23466,40,4.88,SIN RIESGO,122
469,2018,23001,291,0.26,SIN RIESGO,122
470,2018,23500,16,18.45,MEDIO,122
471,2018,23555,40,3.67,SIN RIESGO,122
472,2018,23570,7,3.67,SIN RIESGO,122
473,2018,23574,8,36.83,ALTO,122
474,2018,23580,16,33.26,MEDIO,122
475,2018,23660,30,2.24,SIN RIESGO,122
476,2018,23670,23,1.59,SIN RIESGO,122
477,2018,23675,16,45.72,ALTO,122
478,2018,23682,4,18.35,MEDIO,122
479,2018,23686,16,59.42,ALTO,122
480,2018,23807,40,14.52,MEDIO,122
481,2018,23855,15,17.02,MEDIO,122
482,2018,25019,18,3.55,SIN RIESGO,122
483,2018,25035,36,16.89,MEDIO,122
484,2018,25040,40,17.98,MEDIO,122
485,2018,25599,14,22.09,MEDIO,122
486,2018,25053,12,26.21,MEDIO,122
487,2018,25086,32,17.1,MEDIO,122
488,2018,25095,12,5.18,BAJO,122
489,2018,25099,13,2.82,SIN RIESGO,122
490,2018,25120,11,19.68,MEDIO,122
491,2018,25123,45,14.62,MEDIO,122
492,2018,25126,57,0.08,SIN RIESGO,122
493,2018,25148,14,12.6,BAJO,122
494,2018,25151,26,4.73,SIN RIESGO,122
495,2018,25154,12,8.58,BAJO,122
496,2018,25168,12,15.82,MEDIO,122
497,2018,25175,60,0.14,SIN RIESGO,122
498,2018,25178,21,8.13,BAJO,122
499,2018,25181,11,1.84,SIN RIESGO,122
500,2018,25183,24,2.95,SIN RIESGO,122
501,2018,25200,53,20.91,MEDIO,122
502,2018,25214,57,11.86,BAJO,122
503,2018,25224,30,3.12,SIN RIESGO,122
504,2018,25245,67,13.82,BAJO,122
505,2018,25258,12,13.79,BAJO,122
506,2018,25260,24,2.22,SIN RIESGO,122
507,2018,25269,68,0.85,SIN RIESGO,122
508,2018,25279,29,11.41,BAJO,122
509,2018,25281,14,1.31,SIN RIESGO,122
510,2018,25286,64,2.95,SIN RIESGO,122
511,2018,25288,11,8.27,BAJO,122
512,2018,25290,202,1.07,SIN RIESGO,122
513,2018,25293,12,7.25,BAJO,122
514,2018,25295,25,10,BAJO,122
515,2018,25297,12,3.96,SIN RIESGO,122
516,2018,25299,12,5.58,BAJO,122
517,2018,25307,53,2.36,SIN RIESGO,122
518,2018,25312,17,3.1,SIN RIESGO,122
519,2018,25317,23,5.73,BAJO,122
520,2018,25320,35,2.19,SIN RIESGO,122
521,2018,25322,42,3.64,SIN RIESGO,122
522,2018,25324,12,10.15,BAJO,122
523,2018,25326,13,8.16,BAJO,122
524,2018,25328,12,22.24,MEDIO,122
525,2018,25335,12,6.1,BAJO,122
526,2018,25339,12,18.89,MEDIO,122
527,2018,25368,12,6.65,BAJO,122
528,2018,25372,12,4.42,SIN RIESGO,122
529,2018,25377,62,3.38,SIN RIESGO,122
530,2018,25386,92,12.26,BAJO,122
531,2018,25394,12,11.06,BAJO,122
532,2018,25398,14,0,SIN RIESGO,122
533,2018,25402,25,1.01,SIN RIESGO,122
534,2018,25407,14,6.11,BAJO,122
535,2018,25426,12,11.55,BAJO,122
536,2018,25430,83,5.15,BAJO,122
537,2018,25436,15,2.93,SIN RIESGO,122
538,2018,25438,11,3.78,SIN RIESGO,122
539,2018,25473,60,1.25,SIN RIESGO,122
540,2018,25483,12,18.67,MEDIO,122
541,2018,25486,13,8.81,BAJO,122
542,2018,25488,17,0.07,SIN RIESGO,122
543,2018,25489,19,3.58,SIN RIESGO,122
544,2018,25491,13,7.94,BAJO,122
545,2018,25513,38,0.71,SIN RIESGO,122
546,2018,25518,13,12.92,BAJO,122
547,2018,25524,12,9.81,BAJO,122
548,2018,25530,11,19.71,MEDIO,122
549,2018,25535,13,24.85,MEDIO,122
550,2018,25572,22,2.55,SIN RIESGO,122
551,2018,25580,12,14.24,MEDIO,122
552,2018,25592,16,3.08,SIN RIESGO,122
553,2018,25594,11,1.96,SIN RIESGO,122
554,2018,25596,13,25.4,MEDIO,122
555,2018,25612,12,0,SIN RIESGO,122
556,2018,25645,11,0.44,SIN RIESGO,122
557,2018,25649,10,5.73,BAJO,122
558,2018,25653,13,8.96,BAJO,122
559,2018,25658,18,4.85,SIN RIESGO,122
560,2018,25662,25,9.37,BAJO,122
561,2018,25718,29,2.97,SIN RIESGO,122
562,2018,25736,12,7.76,BAJO,122
563,2018,25740,113,9.96,BAJO,122
564,2018,25743,18,11.27,BAJO,122
565,2018,25745,24,5.65,BAJO,122
566,2018,25754,143,0.87,SIN RIESGO,122
567,2018,25758,55,13.5,BAJO,122
568,2018,25769,30,8.57,BAJO,122
569,2018,25772,37,5.35,BAJO,122
570,2018,25777,12,6.48,BAJO,122
571,2018,25779,13,8.5,BAJO,122
572,2018,25781,12,0.15,SIN RIESGO,122
573,2018,25785,45,6.45,BAJO,122
574,2018,25793,18,4.4,SIN RIESGO,122
575,2018,25797,35,10.18,BAJO,122
576,2018,25799,61,2.42,SIN RIESGO,122
577,2018,25805,5,3.68,SIN RIESGO,122
578,2018,25807,12,11.04,BAJO,122
579,2018,25815,54,0.71,SIN RIESGO,122
580,2018,25817,43,1.12,SIN RIESGO,122
581,2018,25823,12,7.7,BAJO,122
582,2018,25839,13,9.12,BAJO,122
583,2018,25841,25,15.77,MEDIO,122
584,2018,25845,18,13.6,BAJO,122
585,2018,25851,13,5.6,BAJO,122
586,2018,25506,12,23.73,MEDIO,122
587,2018,25862,10,8.57,BAJO,122
588,2018,25867,12,4.94,SIN RIESGO,122
589,2018,25843,71,1.65,SIN RIESGO,122
590,2018,25871,14,8.4,BAJO,122
591,2018,25873,19,9.51,BAJO,122
592,2018,25875,67,4.16,SIN RIESGO,122
593,2018,25878,12,7.64,BAJO,122
594,2018,25885,12,26.18,MEDIO,122
595,2018,25898,24,33.38,MEDIO,122
596,2018,25899,91,1.14,SIN RIESGO,122
597,2018,94001,65,30.85,MEDIO,122
598,2018,95015,30,5.45,BAJO,122
599,2018,95025,54,12.77,BAJO,122
600,2018,95200,28,7.33,BAJO,122
601,2018,95001,25,0.95,SIN RIESGO,122
602,2018,41006,12,0.15,SIN RIESGO,122
603,2018,41013,11,5.04,SIN RIESGO,122
604,2018,41016,28,0.69,SIN RIESGO,122
605,2018,41020,24,0.75,SIN RIESGO,122
606,2018,41026,12,1.61,SIN RIESGO,122
607,2018,41078,12,3.28,SIN RIESGO,122
608,2018,41132,59,5.26,BAJO,122
609,2018,41244,15,21.81,MEDIO,122
610,2018,41298,69,9.93,BAJO,122
611,2018,41306,15,3.1,SIN RIESGO,122
612,2018,41319,16,16.37,MEDIO,122
613,2018,41349,15,14.54,MEDIO,122
614,2018,41357,12,1.51,SIN RIESGO,122
615,2018,41359,12,0,SIN RIESGO,122
616,2018,41378,12,16.54,MEDIO,122
617,2018,41396,60,0,SIN RIESGO,122
618,2018,41483,15,17.23,MEDIO,122
619,2018,41001,107,6.37,BAJO,122
620,2018,41503,12,0,SIN RIESGO,122
621,2018,41518,12,3.23,SIN RIESGO,122
622,2018,41524,53,3.83,SIN RIESGO,122
623,2018,41530,12,1.92,SIN RIESGO,122
624,2018,41548,13,4.47,SIN RIESGO,122
625,2018,41551,60,0,SIN RIESGO,122
626,2018,41615,25,4.79,SIN RIESGO,122
627,2018,41660,12,1.61,SIN RIESGO,122
628,2018,41668,24,0.81,SIN RIESGO,122
629,2018,41676,9,2.15,SIN RIESGO,122
630,2018,41770,12,0,SIN RIESGO,122
631,2018,41791,11,20.29,MEDIO,122
632,2018,41799,13,3.57,SIN RIESGO,122
633,2018,41801,13,6.76,BAJO,122
634,2018,41797,25,1.08,SIN RIESGO,122
635,2018,41807,12,0,SIN RIESGO,122
636,2018,41872,39,4.04,SIN RIESGO,122
637,2018,41885,39,8.98,BAJO,122
638,2018,44035,9,15.05,MEDIO,122
639,2018,44078,14,32.16,MEDIO,122
640,2018,44090,16,78.86,ALTO,122
641,2018,44098,9,2.15,SIN RIESGO,122
642,2018,44110,7,10.14,BAJO,122
643,2018,44279,17,0,SIN RIESGO,122
644,2018,44378,13,15.88,MEDIO,122
645,2018,44420,8,16.13,MEDIO,122
646,2018,44430,32,4.84,SIN RIESGO,122
647,2018,44560,14,16.13,MEDIO,122
648,2018,44001,180,7.35,BAJO,122
649,2018,44650,20,4.9,SIN RIESGO,122
650,2018,44847,18,7.53,BAJO,122
651,2018,44855,10,14.84,MEDIO,122
652,2018,44874,17,4.17,SIN RIESGO,122
653,2018,47030,54,41.61,ALTO,122
654,2018,47053,48,6.54,BAJO,122
655,2018,47058,41,22.89,MEDIO,122
656,2018,47161,23,21.32,MEDIO,122
657,2018,47170,23,47.91,ALTO,122
658,2018,47189,77,7.11,BAJO,122
659,2018,47205,18,13.76,BAJO,122
660,2018,47245,61,11.88,BAJO,122
661,2018,47258,57,29.99,MEDIO,122
662,2018,47268,37,36.88,ALTO,122
663,2018,47288,45,17.99,MEDIO,122
664,2018,47318,19,31.5,MEDIO,122
665,2018,47460,14,40.84,ALTO,122
666,2018,47541,22,38.64,ALTO,122
667,2018,47545,19,31.85,MEDIO,122
668,2018,47551,48,14.69,MEDIO,122
669,2018,47555,30,13.05,BAJO,122
670,2018,47570,20,44.48,ALTO,122
671,2018,47605,22,61.94,ALTO,122
672,2018,47660,24,17.8,MEDIO,122
673,2018,47675,27,18.15,MEDIO,122
674,2018,47692,24,20.39,MEDIO,122
675,2018,47703,14,34.65,MEDIO,122
676,2018,47707,41,45.41,ALTO,122
677,2018,47720,19,27.22,MEDIO,122
678,2018,47001,341,6.08,BAJO,122
679,2018,47745,40,41.53,ALTO,122
680,2018,47798,21,30.33,MEDIO,122
681,2018,47960,21,34.73,MEDIO,122
682,2018,47980,22,40.87,ALTO,122
683,2018,50006,45,5.82,BAJO,122
684,2018,50110,9,18.46,MEDIO,122
685,2018,50124,6,0,SIN RIESGO,122
686,2018,50150,9,2.83,SIN RIESGO,122
687,2018,50223,8,83.35,INVIABLE SANITARIAMENTE,122
688,2018,50226,18,1.21,SIN RIESGO,122
689,2018,50245,8,48.55,ALTO,122
690,2018,50251,9,68.79,ALTO,122
691,2018,50270,8,0,SIN RIESGO,122
692,2018,50287,3,9.98,BAJO,122
693,2018,50313,16,38.47,ALTO,122
694,2018,50318,18,5.17,BAJO,122
695,2018,50350,8,10.18,BAJO,122
696,2018,50400,9,16.33,MEDIO,122
697,2018,50325,1,0,SIN RIESGO,122
698,2018,50330,9,86.52,INVIABLE SANITARIAMENTE,122
699,2018,50568,9,2.22,SIN RIESGO,122
700,2018,50577,8,0.17,SIN RIESGO,122
701,2018,50573,28,65.77,ALTO,122
702,2018,50590,9,0.15,SIN RIESGO,122
703,2018,50606,27,2.53,SIN RIESGO,122
704,2018,50680,5,9.41,BAJO,122
705,2018,50683,8,7.82,BAJO,122
706,2018,50686,8,24.37,MEDIO,122
707,2018,50689,19,23.56,MEDIO,122
708,2018,50370,6,23.05,MEDIO,122
709,2018,50001,137,3.9,SIN RIESGO,122
710,2018,50711,9,35.73,ALTO,122
711,2018,52019,12,4.36,SIN RIESGO,122
712,2018,52022,21,22.3,MEDIO,122
713,2018,52051,18,56.02,ALTO,122
714,2018,52083,17,30.7,MEDIO,122
715,2018,52110,38,16.43,MEDIO,122
716,2018,52240,17,13.67,BAJO,122
717,2018,52207,8,45.72,ALTO,122
718,2018,52210,6,7.75,BAJO,122
719,2018,52215,12,25.41,MEDIO,122
720,2018,52224,15,38.47,ALTO,122
721,2018,52227,11,3.17,SIN RIESGO,122
722,2018,52233,7,0,SIN RIESGO,122
723,2018,52254,6,14.81,MEDIO,122
724,2018,52256,6,5.78,BAJO,122
725,2018,52258,8,53.07,ALTO,122
726,2018,52260,4,21.54,MEDIO,122
727,2018,52287,16,18.5,MEDIO,122
728,2018,52317,12,3.2,SIN RIESGO,122
729,2018,52320,13,9.7,BAJO,122
730,2018,52323,23,30.34,MEDIO,122
731,2018,52352,5,37.5,ALTO,122
732,2018,52354,1,17.44,MEDIO,122
733,2018,52356,54,6.4,BAJO,122
734,2018,52378,12,3.78,SIN RIESGO,122
735,2018,52381,13,19.73,MEDIO,122
736,2018,52385,12,6.75,BAJO,122
737,2018,52390,3,29.94,MEDIO,122
738,2018,52399,14,7.99,BAJO,122
739,2018,52405,11,29.19,MEDIO,122
740,2018,52411,12,8.46,BAJO,122
741,2018,52418,17,26.9,MEDIO,122
742,2018,52427,3,68.31,ALTO,122
743,2018,52473,5,7.73,BAJO,122
744,2018,52480,16,11.04,BAJO,122
745,2018,52490,12,22.82,MEDIO,122
746,2018,52506,12,7.57,BAJO,122
747,2018,52001,134,2.79,SIN RIESGO,122
748,2018,52540,13,36.54,ALTO,122
749,2018,52560,11,17.27,MEDIO,122
750,2018,52565,13,35.9,ALTO,122
751,2018,52573,16,9.92,BAJO,122
752,2018,52585,18,29.18,MEDIO,122
753,2018,52612,45,61.64,ALTO,122
754,2018,52621,7,71.66,ALTO,122
755,2018,52678,28,64.52,ALTO,122
756,2018,52835,35,19.64,MEDIO,122
757,2018,52685,2,0,SIN RIESGO,122
758,2018,52693,12,3.2,SIN RIESGO,122
759,2018,52694,22,8.37,BAJO,122
760,2018,52683,58,3.13,SIN RIESGO,122
761,2018,52696,5,14.39,MEDIO,122
762,2018,52720,12,6.57,BAJO,122
763,2018,52786,11,34.89,MEDIO,122
764,2018,52788,12,46.52,ALTO,122
765,2018,52838,8,5.88,BAJO,122
766,2018,52885,5,19.96,MEDIO,122
767,2018,54003,8,2.45,SIN RIESGO,122
768,2018,54051,8,0,SIN RIESGO,122
769,2018,54099,8,30.56,MEDIO,122
770,2018,54109,7,28.34,MEDIO,122
771,2018,54128,8,16.92,MEDIO,122
772,2018,54125,4,6.2,BAJO,122
773,2018,54172,11,10.58,BAJO,122
774,2018,54174,6,14.65,MEDIO,122
775,2018,54206,8,2.84,SIN RIESGO,122
776,2018,54001,74,2.62,SIN RIESGO,122
777,2018,54223,4,6.2,BAJO,122
778,2018,54239,7,7.04,BAJO,122
779,2018,54245,10,8.76,BAJO,122
780,2018,54261,11,2.25,SIN RIESGO,122
781,2018,54313,7,0,SIN RIESGO,122
782,2018,54344,6,7.53,BAJO,122
783,2018,54347,6,0,SIN RIESGO,122
784,2018,54385,4,10.07,BAJO,122
785,2018,54398,3,0,SIN RIESGO,122
786,2018,54377,5,0.39,SIN RIESGO,122
787,2018,54405,50,0.83,SIN RIESGO,122
788,2018,54418,6,19.01,MEDIO,122
789,2018,54480,5,0.33,SIN RIESGO,122
790,2018,54498,32,0,SIN RIESGO,122
791,2018,54518,28,0,SIN RIESGO,122
792,2018,54520,6,4.13,SIN RIESGO,122
793,2018,54553,7,0,SIN RIESGO,122
794,2018,54599,6,4.13,SIN RIESGO,122
795,2018,54660,6,4.13,SIN RIESGO,122
796,2018,54670,5,0.41,SIN RIESGO,122
797,2018,54673,9,0,SIN RIESGO,122
798,2018,54680,5,9.09,BAJO,122
799,2018,54720,8,14.33,MEDIO,122
800,2018,54743,7,3.31,SIN RIESGO,122
801,2018,54800,4,15.24,MEDIO,122
802,2018,54810,11,0,SIN RIESGO,122
803,2018,54820,8,3.96,SIN RIESGO,122
804,2018,54871,4,11.1,BAJO,122
805,2018,54874,28,8.37,BAJO,122
806,2018,86573,22,5.72,BAJO,122
807,2018,86001,62,30.37,MEDIO,122
808,2018,86320,21,5.99,BAJO,122
809,2018,86568,22,28.54,MEDIO,122
810,2018,86569,30,3.91,SIN RIESGO,122
811,2018,86571,21,56.54,ALTO,122
812,2018,86755,21,38.49,ALTO,122
813,2018,86757,23,54.06,ALTO,122
814,2018,86760,21,16.85,MEDIO,122
815,2018,86749,22,32.73,MEDIO,122
816,2018,86865,22,8.14,BAJO,122
817,2018,86885,22,5.72,BAJO,122
818,2018,63001,121,2.12,SIN RIESGO,122
819,2018,63111,27,0,SIN RIESGO,122
820,2018,63130,75,1.07,SIN RIESGO,122
821,2018,63190,44,0.88,SIN RIESGO,122
822,2018,63212,20,1.83,SIN RIESGO,122
823,2018,63272,29,6.88,BAJO,122
824,2018,63302,32,8.03,BAJO,122
825,2018,63401,43,1.94,SIN RIESGO,122
826,2018,63470,39,3.27,SIN RIESGO,122
827,2018,63548,21,3.89,SIN RIESGO,122
828,2018,63594,40,4.03,SIN RIESGO,122
829,2018,63690,35,5.07,BAJO,122
830,2018,66045,24,0,SIN RIESGO,122
831,2018,66075,3,45.83,ALTO,122
832,2018,66088,39,20.51,MEDIO,122
833,2018,66170,448,1.45,SIN RIESGO,122
834,2018,66318,21,1.79,SIN RIESGO,122
835,2018,66383,25,4,SIN RIESGO,122
836,2018,66400,70,0,SIN RIESGO,122
837,2018,66440,26,0,SIN RIESGO,122
838,2018,66456,22,4.55,SIN RIESGO,122
839,2018,66001,504,0.2,SIN RIESGO,122
840,2018,66572,22,0,SIN RIESGO,122
841,2018,66594,23,0,SIN RIESGO,122
842,2018,66682,81,1.23,SIN RIESGO,122
843,2018,66687,22,0,SIN RIESGO,122
844,2018,68013,11,37.28,ALTO,122
845,2018,68020,13,5.99,BAJO,122
846,2018,68051,10,2.55,SIN RIESGO,122
847,2018,68077,22,10.09,BAJO,122
848,2018,68079,11,2.53,SIN RIESGO,122
849,2018,68081,113,1.56,SIN RIESGO,122
850,2018,68092,12,2.12,SIN RIESGO,122
851,2018,68101,12,3.93,SIN RIESGO,122
852,2018,68001,415,0.09,SIN RIESGO,122
853,2018,68121,12,6.92,BAJO,122
854,2018,68132,12,4.76,SIN RIESGO,122
855,2018,68147,11,2.02,SIN RIESGO,122
856,2018,68152,12,4.7,SIN RIESGO,122
857,2018,68160,4,0.61,SIN RIESGO,122
858,2018,68162,14,19.91,MEDIO,122
859,2018,68167,8,0.37,SIN RIESGO,122
860,2018,68169,13,9.73,BAJO,122
861,2018,68176,12,4.13,SIN RIESGO,122
862,2018,68179,11,5.83,BAJO,122
863,2018,68190,19,4.41,SIN RIESGO,122
864,2018,68207,12,7.84,BAJO,122
865,2018,68209,7,0.19,SIN RIESGO,122
866,2018,68211,13,3.62,SIN RIESGO,122
867,2018,68217,12,2.81,SIN RIESGO,122
868,2018,68229,17,2.65,SIN RIESGO,122
869,2018,68235,10,3.22,SIN RIESGO,122
870,2018,68245,12,9.45,BAJO,122
871,2018,68250,11,12.08,BAJO,122
872,2018,68255,11,57.64,ALTO,122
873,2018,68264,11,14.89,MEDIO,122
874,2018,68266,11,3.4,SIN RIESGO,122
875,2018,68271,12,30.34,MEDIO,122
876,2018,68276,71,0.2,SIN RIESGO,122
877,2018,68296,12,1.98,SIN RIESGO,122
878,2018,68298,12,29.18,MEDIO,122
879,2018,68307,57,0.07,SIN RIESGO,122
880,2018,68318,12,12.81,BAJO,122
881,2018,68320,10,3.16,SIN RIESGO,122
882,2018,68322,6,11.51,BAJO,122
883,2018,68324,12,8.98,BAJO,122
884,2018,68327,11,5.43,BAJO,122
885,2018,68344,11,7.29,BAJO,122
886,2018,68368,4,27.88,MEDIO,122
887,2018,68370,11,76.33,ALTO,122
888,2018,68377,12,18.22,MEDIO,122
889,2018,68397,10,2.73,SIN RIESGO,122
890,2018,68385,11,6.21,BAJO,122
891,2018,68406,29,0.07,SIN RIESGO,122
892,2018,68418,10,4.24,SIN RIESGO,122
893,2018,68425,8,0,SIN RIESGO,122
894,2018,68432,10,5.13,BAJO,122
895,2018,68444,9,6.78,BAJO,122
896,2018,68464,12,0.22,SIN RIESGO,122
897,2018,68468,12,23.03,MEDIO,122
898,2018,68498,11,3.43,SIN RIESGO,122
899,2018,68500,9,3.37,SIN RIESGO,122
900,2018,68502,4,17.7,MEDIO,122
901,2018,68522,11,2.36,SIN RIESGO,122
902,2018,68524,14,1.86,SIN RIESGO,122
903,2018,68533,12,5.27,BAJO,122
904,2018,68547,195,2.33,SIN RIESGO,122
905,2018,68549,11,1.6,SIN RIESGO,122
906,2018,68572,10,9.64,BAJO,122
907,2018,68573,10,18.35,MEDIO,122
908,2018,68575,19,15.27,MEDIO,122
909,2018,68615,12,7.68,BAJO,122
910,2018,68655,44,6.07,BAJO,122
911,2018,68669,11,2.53,SIN RIESGO,122
912,2018,68673,7,27.99,MEDIO,122
913,2018,68679,37,1.74,SIN RIESGO,122
914,2018,68682,9,7.5,BAJO,122
915,2018,68684,12,12.66,BAJO,122
916,2018,68686,12,7.65,BAJO,122
917,2018,68689,50,18.85,MEDIO,122
918,2018,68705,12,9.37,BAJO,122
919,2018,68720,12,15.56,MEDIO,122
920,2018,68745,12,1.63,SIN RIESGO,122
921,2018,68755,58,0.45,SIN RIESGO,122
922,2018,68770,23,24.43,MEDIO,122
923,2018,68773,8,28.16,MEDIO,122
924,2018,68780,13,16.52,MEDIO,122
925,2018,68820,11,10.24,BAJO,122
926,2018,68855,10,5.53,BAJO,122
927,2018,68861,13,3.69,SIN RIESGO,122
928,2018,68867,11,12.3,BAJO,122
929,2018,68872,11,2.77,SIN RIESGO,122
930,2018,68895,14,26.95,MEDIO,122
931,2018,70110,22,32.39,MEDIO,122
932,2018,70124,28,27.68,MEDIO,122
933,2018,70230,34,6.99,BAJO,122
934,2018,70204,35,15.36,MEDIO,122
935,2018,70215,47,0,SIN RIESGO,122
936,2018,70221,35,6.07,BAJO,122
937,2018,70235,25,12,BAJO,122
938,2018,70265,27,65.74,ALTO,122
939,2018,70400,14,19.64,MEDIO,122
940,2018,70418,34,16.54,MEDIO,122
941,2018,70429,12,30.21,MEDIO,122
942,2018,70473,51,20.83,MEDIO,122
943,2018,70523,22,1.7,SIN RIESGO,122
944,2018,70670,32,12.11,BAJO,122
945,2018,70678,48,4.17,SIN RIESGO,122
946,2018,70702,19,34.21,MEDIO,122
947,2018,70742,44,0.85,SIN RIESGO,122
948,2018,70708,90,2.08,SIN RIESGO,122
949,2018,70713,36,8.68,BAJO,122
950,2018,70717,21,4.76,SIN RIESGO,122
951,2018,70820,40,3.75,SIN RIESGO,122
952,2018,70001,53,0.71,SIN RIESGO,122
953,2018,70771,17,11.03,BAJO,122
954,2018,70823,17,64.71,ALTO,122
955,2018,73024,15,36.89,ALTO,122
956,2018,73026,20,20.82,MEDIO,122
957,2018,73030,14,1.57,SIN RIESGO,122
958,2018,73043,20,1.63,SIN RIESGO,122
959,2018,73055,26,1.24,SIN RIESGO,122
960,2018,73067,12,88.53,INVIABLE SANITARIAMENTE,122
961,2018,73124,13,86.52,INVIABLE SANITARIAMENTE,122
962,2018,73148,22,3.02,SIN RIESGO,122
963,2018,73152,18,0.06,SIN RIESGO,122
964,2018,73168,25,0.09,SIN RIESGO,122
965,2018,73200,9,1.91,SIN RIESGO,122
966,2018,73217,14,17.01,MEDIO,122
967,2018,73226,17,1.33,SIN RIESGO,122
968,2018,73236,24,8.04,BAJO,122
969,2018,73268,47,0.34,SIN RIESGO,122
970,2018,73270,3,0,SIN RIESGO,122
971,2018,73275,45,6.86,BAJO,122
972,2018,73283,13,1.24,SIN RIESGO,122
973,2018,73319,19,1.7,SIN RIESGO,122
974,2018,73347,19,3.75,SIN RIESGO,122
975,2018,73349,50,2.21,SIN RIESGO,122
976,2018,73001,264,35.71,ALTO,122
977,2018,73352,18,7.48,BAJO,122
978,2018,73408,18,14.63,MEDIO,122
979,2018,73411,42,0.13,SIN RIESGO,122
980,2018,73443,12,1.46,SIN RIESGO,122
981,2018,73449,40,3.93,SIN RIESGO,122
982,2018,73461,17,2.56,SIN RIESGO,122
983,2018,73483,8,0,SIN RIESGO,122
984,2018,73504,19,0.27,SIN RIESGO,122
985,2018,73520,17,7.74,BAJO,122
986,2018,73547,14,14.26,MEDIO,122
987,2018,73555,22,90.49,INVIABLE SANITARIAMENTE,122
988,2018,73563,25,47.71,ALTO,122
989,2018,73585,27,0.24,SIN RIESGO,122
990,2018,73616,15,4.72,SIN RIESGO,122
991,2018,73622,6,80.26,INVIABLE SANITARIAMENTE,122
992,2018,73624,24,30,MEDIO,122
993,2018,73671,24,8.08,BAJO,122
994,2018,73675,9,0,SIN RIESGO,122
995,2018,73678,21,0.06,SIN RIESGO,122
996,2018,73686,15,87.95,INVIABLE SANITARIAMENTE,122
997,2018,73770,9,41.59,ALTO,122
998,2018,73854,19,82.32,INVIABLE SANITARIAMENTE,122
999,2018,73861,24,0.74,SIN RIESGO,122
1000,2018,73870,15,0,SIN RIESGO,122
1001,2018,73873,25,92.11,INVIABLE SANITARIAMENTE,122
1002,2018,76020,38,15.5,MEDIO,122
1003,2018,76036,23,0.38,SIN RIESGO,122
1004,2018,76041,26,0.93,SIN RIESGO,122
1005,2018,76054,15,11.66,BAJO,122
1006,2018,76100,20,23.85,MEDIO,122
1007,2018,76109,88,2.51,SIN RIESGO,122
1008,2018,76113,28,0.99,SIN RIESGO,122
1009,2018,76122,60,0.02,SIN RIESGO,122
1010,2018,76001,224,0.96,SIN RIESGO,122
1011,2018,76126,30,23.5,MEDIO,122
1012,2018,76130,251,6.02,BAJO,122
1013,2018,76147,70,0,SIN RIESGO,122
1014,2018,76233,61,8.55,BAJO,122
1015,2018,76243,19,22.89,MEDIO,122
1016,2018,76246,11,0,SIN RIESGO,122
1017,2018,76248,91,0.3,SIN RIESGO,122
1018,2018,76250,13,5.15,BAJO,122
1019,2018,76275,61,0.57,SIN RIESGO,122
1020,2018,76306,38,7.43,BAJO,122
1021,2018,76318,66,3.67,SIN RIESGO,122
1022,2018,76111,56,1.35,SIN RIESGO,122
1023,2018,76364,162,2.23,SIN RIESGO,122
1024,2018,76377,53,3.42,SIN RIESGO,122
1025,2018,76400,77,6.79,BAJO,122
1026,2018,76403,24,0.14,SIN RIESGO,122
1027,2018,76497,26,5.96,BAJO,122
1028,2018,76520,162,7.74,BAJO,122
1029,2018,76563,61,0.68,SIN RIESGO,122
1030,2018,76606,16,15.12,MEDIO,122
1031,2018,76616,24,3.03,SIN RIESGO,122
1032,2018,76622,63,0.49,SIN RIESGO,122
1033,2018,76670,30,2.12,SIN RIESGO,122
1034,2018,76736,67,4.22,SIN RIESGO,122
1035,2018,76823,12,0.55,SIN RIESGO,122
1036,2018,76828,15,4.89,SIN RIESGO,122
1037,2018,76834,152,2.32,SIN RIESGO,122
1038,2018,76845,19,6.45,BAJO,122
1039,2018,76863,12,3.74,SIN RIESGO,122
1040,2018,76869,12,0.58,SIN RIESGO,122
1041,2018,76890,19,14.52,MEDIO,122
1042,2018,76892,107,13.79,BAJO,122
1043,2018,76895,77,4.12,SIN RIESGO,122
1044,2018,97161,8,14.06,MEDIO,122
1045,2018,97001,57,28.95,MEDIO,122
1046,2018,97666,32,55.86,ALTO,122
1047,2018,99773,99,27.43,MEDIO,122
1048,2018,99524,72,25.45,MEDIO,122
1049,2018,99001,73,1.62,SIN RIESGO,122
1050,2018,99624,60,10,BAJO,122
